,case_id,petitioner_rep,respondent_rep,restraining_order_terms
0,FL_2,True,True,0
1,FL_4,False,False,0
2,FL_6,False,False,0
3,FL_8,False,False,0
4,FL_9,False,False,0
5,FL_14,False,False,1
6,FL_15,False,False,17
7,FL_16,True,False,10
8,FL_19,False,False,0
9,FL_26,True,True,5
10,FL_28,False,True,0
11,FL_33,False,False,2
12,FL_38,False,False,0
13,FL_43,True,False,2
14,FL_45,False,True,6
15,FL_47,False,False,0
16,FL_51,False,False,0
17,FL_52,True,False,0
18,FL_53,False,False,0
19,FL_54,False,False,0
20,FL_55,False,False,0
21,FL_56,True,True,0
22,FL_57,False,False,0
23,FL_58,False,False,0
24,FL_59,False,False,0
25,FL_60,False,False,0
26,FL_61,False,False,1
27,FL_62,True,False,0
28,FL_63,True,False,0
29,FL_64,False,False,0
30,FL_67,False,False,0
31,FL_68,True,False,0
32,FL_69,False,False,0
33,FL_70,False,False,0
34,FL_71,True,False,0
35,FL_72,False,False,0
36,FL_73,False,False,0
37,FL_74,True,False,0
38,FL_75,False,False,0
39,FL_76,False,False,0
40,FL_77,False,False,0
41,FL_78,True,False,0
42,FL_79,False,False,0
43,FL_80,True,True,1
44,FL_81,False,False,0
45,FL_82,False,False,0
46,FL_83,False,False,0
47,FL_84,False,True,0
48,FL_85,True,True,8
49,FL_87,True,False,0
50,FL_89,False,False,0
51,FL_90,True,False,3
52,FL_91,False,False,0
53,FL_92,False,False,0
54,FL_93,False,False,0
55,FL_94,False,False,0
56,FL_95,False,False,0
57,FL_96,True,True,0
58,FL_97,True,False,0
59,FL_98,False,False,0
60,FL_99,True,True,1
61,FL_100,True,False,0
62,FL_101,True,False,0
63,FL_102,False,False,0
64,FL_103,False,False,0
65,FL_104,False,False,0
66,FL_105,False,False,0
67,FL_106,False,False,0
68,FL_107,False,False,0
69,FL_108,False,False,0
70,FL_109,True,True,1
71,FL_110,False,False,0
72,FL_111,False,False,0
73,FL_112,False,False,0
74,FL_113,False,False,1
75,FL_114,False,False,0
76,FL_115,False,False,0
77,FL_116,False,False,0
78,FL_117,False,False,0
79,FL_118,True,True,2
80,FL_119,False,False,0
81,FL_120,False,False,0
82,FL_122,False,False,0
83,FL_123,True,True,4
84,FL_124,False,False,0
85,FL_125,True,True,1
86,FL_126,False,False,0
87,FL_127,False,False,0
88,FL_128,True,False,0
89,FL_129,False,False,0
90,FL_130,True,False,0
91,FL_131,False,False,0
92,FL_132,False,False,0
93,FL_133,False,False,0
94,FL_135,False,False,0
95,FL_136,True,True,0
96,FL_137,False,False,0
97,FL_138,True,False,0
98,FL_139,True,True,4
99,FL_140,True,False,0
100,FL_141,True,True,9
101,FL_142,False,False,0
102,FL_143,False,False,0
103,FL_144,True,False,0
104,FL_145,False,False,0
105,FL_147,False,False,0
106,FL_148,False,False,0
107,FL_149,True,False,3
108,FL_150,False,False,0
109,FL_151,False,False,0
110,FL_152,False,False,0
111,FL_153,False,False,0
112,FL_154,False,False,0
113,FL_155,True,True,2
114,FL_156,False,False,0
115,FL_158,False,True,0
116,FL_160,True,False,2
117,FL_161,False,False,6
118,FL_162,False,False,0
119,FL_163,False,False,0
120,FL_164,True,False,0
121,FL_165,True,True,10
122,FL_166,False,False,0
123,FL_167,False,False,0
124,FL_168,False,False,1
125,FL_169,False,False,1
126,FL_170,False,False,0
127,FL_171,False,False,0
128,FL_173,False,False,0
129,FL_174,False,False,0
130,FL_175,False,False,0
131,FL_176,False,False,0
132,FL_177,True,False,1
133,FL_179,False,False,0
134,FL_180,False,False,0
135,FL_183,False,False,0
136,FL_184,True,True,1
137,FL_185,False,True,0
138,FL_186,False,False,0
139,FL_187,False,False,0
140,FL_188,False,False,0
141,FL_190,False,False,0
142,FL_191,True,True,0
143,FL_192,False,False,0
144,FL_193,False,False,0
145,FL_194,True,False,0
146,FL_195,False,False,0
147,FL_197,False,False,0
148,FL_198,True,True,0
149,FL_199,True,False,0
150,FL_200,False,True,3
151,FL_201,True,True,8
152,FL_202,False,False,0
153,FL_203,False,False,0
154,FL_204,False,False,6
155,FL_205,False,False,0
156,FL_206,True,False,0
157,FL_207,False,False,0
158,FL_208,False,False,0
159,FL_209,False,False,0
160,FL_210,False,False,0
161,FL_211,False,False,0
162,FL_212,True,True,4
163,FL_213,False,False,0
164,FL_214,False,False,0
165,FL_215,False,False,0
166,FL_216,False,False,0
167,FL_217,True,True,2
168,FL_218,True,True,7
169,FL_219,False,False,0
170,FL_220,True,False,0
171,FL_221,False,False,0
172,FL_222,False,False,0
173,FL_223,False,False,0
174,FL_224,False,False,0
175,FL_225,False,False,1
176,FL_226,False,False,0
177,FL_227,False,False,0
178,FL_228,False,False,0
179,FL_229,False,False,0
180,FL_231,False,False,0
181,FL_232,False,False,0
182,FL_233,False,False,0
183,FL_234,False,False,0
184,FL_235,True,False,0
185,FL_236,True,False,0
186,FL_237,True,True,1
187,FL_238,True,False,0
188,FL_239,True,True,4
189,FL_240,False,False,1
190,FL_241,True,True,2
191,FL_242,True,False,0
192,FL_243,False,False,0
193,FL_244,False,False,0
194,FL_245,False,True,0
195,FL_246,False,False,0
196,FL_247,True,False,0
197,FL_248,True,True,2
198,FL_249,True,True,1
199,FL_250,False,False,0
200,FL_251,False,True,1
201,FL_252,False,False,0
202,FL_253,False,False,0
203,FL_254,False,True,0
204,FL_255,False,False,0
205,FL_256,False,False,0
206,FL_257,False,False,0
207,FL_259,False,False,0
208,FL_260,False,False,0
209,FL_262,False,False,0
210,FL_263,False,True,0
211,FL_264,False,False,0
212,FL_265,False,False,0
213,FL_266,True,False,0
214,FL_267,True,True,1
215,FL_268,False,False,0
216,FL_269,False,False,0
217,FL_270,True,True,4
218,FL_271,False,False,0
219,FL_272,False,False,1
220,FL_274,False,False,0
221,FL_275,True,False,0
222,FL_276,False,False,0
223,FL_277,False,False,0
224,FL_278,False,False,0
225,FL_279,True,False,1
226,FL_280,False,False,0
227,FL_282,False,False,0
228,FL_283,False,False,0
229,FL_284,True,False,0
230,FL_285,False,False,0
231,FL_286,False,False,0
232,FL_287,True,False,0
233,FL_288,False,False,0
234,FL_289,False,False,0
235,FL_291,False,False,0
236,FL_292,False,False,0
237,FL_293,False,False,0
238,FL_294,True,False,0
239,FL_295,True,True,4
240,FL_296,False,False,0
241,FL_298,False,False,1
242,FL_299,False,False,0
243,FL_300,True,True,1
244,FL_301,False,False,0
245,FL_302,False,False,0
246,FL_303,False,False,0
247,FL_304,True,False,0
248,FL_305,False,False,0
249,FL_306,False,False,0
250,FL_308,False,False,1
251,FL_309,False,False,0
252,FL_310,False,False,0
253,FL_311,False,False,0
254,FL_313,False,False,0
255,FL_314,False,False,0
256,FL_316,True,False,0
257,FL_317,True,False,0
258,FL_318,True,False,0
259,FL_322,False,False,0
260,FL_323,False,False,0
261,FL_324,True,False,0
262,FL_325,True,True,2
263,FL_326,False,False,0
264,FL_327,False,False,0
265,FL_328,False,False,0
266,FL_329,False,False,0
267,FL_330,True,True,1
268,FL_331,False,False,0
269,FL_332,True,False,0
270,FL_333,False,False,0
271,FL_334,False,False,0
272,FL_335,True,False,0
273,FL_336,False,False,0
274,FL_337,True,False,0
275,FL_338,False,False,0
276,FL_339,False,False,0
277,FL_340,False,False,0
278,FL_341,False,False,2
279,FL_342,False,False,0
280,FL_343,True,False,0
281,FL_344,False,False,0
282,FL_345,False,False,0
283,FL_346,False,False,0
284,FL_347,False,False,0
285,FL_348,False,False,0
286,FL_350,False,False,0
287,FL_351,True,True,1
288,FL_352,True,True,1
289,FL_353,True,False,0
290,FL_354,True,True,0
291,FL_355,False,False,0
292,FL_356,False,False,0
293,FL_357,False,False,0
294,FL_358,False,False,0
295,FL_359,False,False,0
296,FL_360,True,False,1
297,FL_361,False,False,0
298,FL_362,True,True,0
299,FL_363,True,False,0
300,FL_364,False,False,0
301,FL_365,False,False,0
302,FL_366,False,False,1
303,FL_367,False,False,0
304,FL_368,False,False,0
305,FL_369,False,False,0
306,FL_370,True,False,0
307,FL_371,False,True,1
308,FL_372,True,True,2
309,FL_373,False,False,0
310,FL_374,False,False,0
311,FL_375,False,False,0
312,FL_376,False,False,0
313,FL_377,False,False,0
314,FL_378,False,False,0
315,FL_379,True,False,0
316,FL_380,True,True,0
317,FL_381,False,False,0
318,FL_382,False,False,0
319,FL_383,True,True,9
320,FL_384,False,False,0
321,FL_385,False,False,0
322,FL_386,False,False,0
323,FL_387,False,False,0
324,FL_388,False,False,0
325,FL_389,False,False,1
326,FL_390,False,False,0
327,FL_391,False,True,1
328,FL_392,True,False,0
329,FL_393,True,False,1
330,FL_394,False,False,0
331,FL_395,False,False,0
332,FL_396,False,False,0
333,FL_397,False,False,0
334,FL_400,True,True,4
335,FL_401,True,False,5
336,FL_402,False,False,0
337,FL_403,False,False,0
338,FL_404,False,False,0
339,FL_405,True,False,0
340,FL_406,False,False,0
341,FL_407,False,False,2
342,FL_408,True,True,1
343,FL_409,False,False,0
344,FL_412,False,False,0
345,FL_413,False,False,0
346,FL_414,False,True,0
347,FL_415,False,False,0
348,FL_416,False,False,0
349,FL_419,False,False,0
350,FL_420,True,True,0
351,FL_422,False,False,0
352,FL_423,False,False,0
353,FL_424,False,False,0
354,FL_427,True,False,0
355,FL_428,False,False,0
356,FL_429,False,False,0
357,FL_431,False,True,0
358,FL_432,False,False,0
359,FL_433,False,False,1
360,FL_434,False,True,0
361,FL_435,False,False,1
362,FL_436,False,False,0
363,FL_439,False,False,0
364,FL_440,False,False,0
365,FL_441,False,False,0
366,FL_442,False,False,0
367,FL_444,True,True,9
368,FL_445,False,False,0
369,FL_446,False,False,0
370,FL_448,False,True,1
371,FL_451,False,False,0
372,FL_452,True,False,0
373,FL_453,False,False,0
374,FL_455,False,False,0
375,FL_456,False,False,0
376,FL_457,False,False,0
377,FL_459,True,True,4
378,FL_460,False,False,0
379,FL_461,False,False,0
380,FL_462,False,False,0
381,FL_463,True,True,1
382,FL_464,False,False,0
383,FL_465,False,False,0
384,FL_466,False,False,0
385,FL_467,False,False,0
386,FL_468,False,False,0
387,FL_469,True,True,2
388,FL_470,False,False,0
389,FL_471,False,False,0
390,FL_472,True,False,0
391,FL_473,False,False,0
392,FL_474,False,False,0
393,FL_475,False,False,0
394,FL_476,True,True,2
395,FL_477,False,False,0
396,FL_478,True,False,1
397,FL_479,False,False,0
398,FL_480,False,False,0
399,FL_481,False,True,2
400,FL_482,False,False,0
401,FL_483,False,False,0
402,FL_484,True,False,0
403,FL_486,False,False,0
404,FL_487,False,False,0
405,FL_489,True,True,3
406,FL_491,False,False,0
407,FL_492,False,False,0
408,FL_493,False,True,0
409,FL_494,True,True,0
410,FL_495,True,False,0
411,FL_496,False,False,0
412,FL_497,True,True,0
413,FL_498,False,False,0
414,FL_499,True,True,3
415,FL_500,True,True,0
416,FL_501,True,True,2
417,FL_502,False,False,0
418,FL_503,False,False,0
419,FL_504,False,False,0
420,FL_505,True,True,2
421,FL_506,False,False,0
422,FL_507,False,False,0
423,FL_508,True,False,0
424,FL_509,False,False,0
425,FL_511,False,False,0
426,FL_512,False,False,0
427,FL_514,False,False,0
428,FL_515,False,False,0
429,FL_516,True,False,0
430,FL_517,True,False,0
431,FL_518,True,True,1
432,FL_519,True,True,0
433,FL_520,False,False,0
434,FL_521,False,False,0
435,FL_522,False,False,0
436,FL_523,False,False,0
437,FL_524,False,False,0
438,FL_525,False,False,1
439,FL_526,True,True,4
440,FL_527,False,False,0
441,FL_528,False,False,0
442,FL_529,False,False,0
443,FL_530,False,True,0
444,FL_531,False,False,0
445,FL_532,False,False,0
446,FL_533,False,False,0
447,FL_534,False,False,0
448,FL_535,False,False,0
449,FL_536,False,False,0
450,FL_538,True,False,0
451,FL_539,False,False,0
452,FL_540,False,False,0
453,FL_541,True,True,9
454,FL_542,False,False,2
455,FL_543,False,False,0
456,FL_545,True,False,0
457,FL_546,True,True,4
458,FL_547,False,False,1
459,FL_548,True,False,0
460,FL_549,False,False,0
461,FL_550,False,False,0
462,FL_552,False,False,0
463,FL_553,False,False,0
464,FL_555,True,True,1
465,FL_557,False,False,0
466,FL_558,False,False,1
467,FL_559,True,False,0
468,FL_560,True,False,1
469,FL_561,False,False,0
470,FL_562,False,False,0
471,FL_564,False,False,0
472,FL_565,False,False,0
473,FL_566,False,False,0
474,FL_567,False,False,0
475,FL_568,False,False,0
476,FL_569,False,False,0
477,FL_571,False,False,0
478,FL_572,False,False,0
479,FL_573,False,False,0
480,FL_574,False,True,1
481,FL_576,False,False,0
482,FL_577,True,True,0
483,FL_578,False,False,0
484,FL_580,False,False,0
485,FL_581,False,False,0
486,FL_582,False,False,0
487,FL_583,False,False,0
488,FL_584,False,False,1
489,FL_586,False,False,0
490,FL_587,False,False,0
491,FL_588,False,False,0
492,FL_589,True,True,0
493,FL_591,True,False,0
494,FL_592,False,False,0
495,FL_593,False,False,0
496,FL_594,False,False,0
497,FL_595,False,False,0
498,FL_596,False,False,0
499,FL_597,False,False,0
500,FL_598,False,False,0
501,FL_599,False,False,0
502,FL_600,False,False,0
503,FL_602,True,False,0
504,FL_603,False,False,0
505,FL_604,True,True,3
506,FL_605,True,True,5
507,FL_606,False,False,0
508,FL_607,False,False,0
509,FL_608,False,False,0
510,FL_609,True,False,0
511,FL_610,False,False,0
512,FL_612,False,False,0
513,FL_613,False,False,0
514,FL_614,False,False,0
515,FL_615,True,False,0
516,FL_616,True,False,0
517,FL_617,False,False,0
518,FL_618,True,True,2
519,FL_619,True,True,7
520,FL_620,False,False,0
521,FL_621,False,False,0
522,FL_622,False,False,0
523,FL_623,True,True,2
524,FL_624,False,True,1
525,FL_625,False,True,0
526,FL_626,True,False,1
527,FL_627,True,False,0
528,FL_628,False,False,0
529,FL_629,False,False,0
530,FL_630,True,False,0
531,FL_631,True,False,0
532,FL_632,False,False,0
533,FL_633,True,False,0
534,FL_634,False,False,2
535,FL_635,False,False,0
536,FL_636,False,False,0
537,FL_637,False,False,0
538,FL_638,False,False,0
539,FL_639,False,False,0
540,FL_640,True,False,0
541,FL_641,False,False,0
542,FL_642,False,False,0
543,FL_643,True,True,14
544,FL_644,False,False,0
545,FL_645,True,False,0
546,FL_646,False,False,0
547,FL_647,True,False,0
548,FL_648,False,False,0
549,FL_650,False,False,1
550,FL_652,False,False,0
551,FL_654,True,False,0
552,FL_655,True,True,2
553,FL_656,True,True,1
554,FL_657,False,False,0
555,FL_658,False,False,0
556,FL_659,True,True,0
557,FL_660,False,False,0
558,FL_661,True,True,4
559,FL_662,False,False,0
560,FL_663,True,False,0
561,FL_664,True,False,0
562,FL_665,True,True,3
563,FL_666,False,False,0
564,FL_667,False,False,0
565,FL_668,False,False,0
566,FL_669,False,False,0
567,FL_670,False,False,0
568,FL_671,False,False,0
569,FL_672,False,False,0
570,FL_673,False,False,0
571,FL_674,False,False,1
572,FL_675,False,False,0
573,FL_676,False,False,0
574,FL_677,False,False,0
575,FL_678,False,False,0
576,FL_679,True,True,0
577,FL_680,False,False,0
578,FL_681,True,True,1
579,FL_682,False,False,0
580,FL_683,False,False,0
581,FL_684,False,False,0
582,FL_685,True,False,0
583,FL_687,True,True,1
584,FL_688,False,False,0
585,FL_689,True,True,3
586,FL_691,False,False,0
587,FL_692,True,False,0
588,FL_693,False,False,0
589,FL_696,False,False,0
590,FL_697,False,False,0
591,FL_700,False,False,0
592,FL_701,False,False,0
593,FL_702,True,True,0
594,FL_703,False,False,0
595,FL_704,False,False,0
596,FL_705,True,True,1
597,FL_706,True,True,2
598,FL_707,True,True,0
599,FL_708,False,False,0
600,FL_710,False,False,0
601,FL_711,True,True,1
602,FL_712,False,False,0
603,FL_713,False,False,0
604,FL_714,True,False,0
605,FL_715,False,False,0
606,FL_716,True,False,0
607,FL_717,False,False,0
608,FL_718,False,False,0
609,FL_719,True,False,0
610,FL_720,True,False,0
611,FL_721,True,False,0
612,FL_722,True,True,0
613,FL_723,True,False,0
614,FL_724,False,True,5
615,FL_725,False,False,0
616,FL_726,True,False,0
617,FL_727,True,True,0
618,FL_728,True,True,0
619,FL_729,False,False,0
620,FL_730,False,False,0
621,FL_731,False,False,0
622,FL_732,False,False,0
623,FL_733,False,False,1
624,FL_734,False,False,0
625,FL_735,False,False,0
626,FL_736,False,False,1
627,FL_737,False,False,0
628,FL_738,False,False,2
629,FL_739,False,False,0
630,FL_740,False,False,0
631,FL_741,False,True,0
632,FL_742,False,False,0
633,FL_743,True,True,8
634,FL_744,False,False,0
635,FL_745,True,False,0
636,FL_746,False,False,1
637,FL_747,False,False,0
638,FL_748,False,False,0
639,FL_750,False,False,0
640,FL_751,False,False,0
641,FL_752,False,False,0
642,FL_753,False,False,0
643,FL_754,False,False,0
644,FL_755,False,False,0
645,FL_756,False,False,0
646,FL_757,False,False,0
647,FL_758,False,False,0
648,FL_759,False,False,0
649,FL_760,False,False,0
650,FL_761,True,True,0
651,FL_762,False,False,0
652,FL_763,False,False,0
653,FL_764,False,False,0
654,FL_765,False,False,1
655,FL_766,False,False,0
656,FL_767,False,False,0
657,FL_768,True,True,1
658,FL_770,True,False,0
659,FL_771,False,False,0
660,FL_772,True,True,1
661,FL_773,False,False,0
662,FL_774,True,True,1
663,FL_775,True,True,0
664,FL_776,False,False,0
665,FL_777,False,False,0
666,FL_778,False,False,0
667,FL_779,False,False,0
668,FL_780,False,False,0
669,FL_781,False,False,0
670,FL_784,False,False,0
671,FL_785,False,False,0
672,FL_787,False,False,0
673,FL_788,False,False,0
674,FL_789,False,False,0
675,FL_790,False,False,0
676,FL_791,False,False,0
677,FL_792,False,False,0
678,FL_793,False,False,0
679,FL_794,True,True,1
680,FL_795,True,False,1
681,FL_796,False,False,0
682,FL_797,True,True,0
683,FL_798,False,False,0
684,FL_799,False,False,0
685,FL_800,False,False,0
686,FL_801,False,False,0
687,FL_802,True,True,0
688,FL_803,True,False,0
689,FL_804,False,False,0
690,FL_805,True,False,0
691,FL_806,False,True,0
692,FL_807,True,False,1
693,FL_808,False,False,0
694,FL_811,False,False,0
695,FL_812,False,False,0
696,FL_813,False,False,0
697,FL_814,False,False,0
698,FL_815,False,False,0
699,FL_816,False,False,0
700,FL_817,True,False,0
701,FL_818,True,True,1
702,FL_819,True,True,0
703,FL_820,False,False,0
704,FL_821,True,False,0
705,FL_823,True,False,0
706,FL_824,False,False,0
707,FL_825,False,False,0
708,FL_826,False,False,0
709,FL_827,False,False,0
710,FL_828,False,False,0
711,FL_829,False,False,0
712,FL_830,False,False,0
713,FL_832,False,False,0
714,FL_833,False,False,0
715,FL_835,False,False,0
716,FL_837,False,False,0
717,FL_838,False,False,0
718,FL_840,False,False,0
719,FL_842,False,False,0
720,FL_843,True,False,0
721,FL_844,False,False,0
722,FL_845,True,True,1
723,FL_846,False,False,0
724,FL_848,False,False,0
725,FL_849,False,False,0
726,FL_850,False,False,1
727,FL_851,False,False,0
728,FL_852,True,True,0
729,FL_853,True,True,3
730,FL_854,False,False,0
731,FL_855,False,False,2
732,FL_856,False,True,0
733,FL_857,False,False,0
734,FL_858,False,False,0
735,FL_859,False,False,0
736,FL_860,False,False,0
737,FL_862,False,False,0
738,FL_863,False,False,0
739,FL_865,False,False,0
740,FL_867,False,False,0
741,FL_868,False,False,0
742,FL_869,False,False,0
743,FL_870,True,True,1
744,FL_871,False,False,0
745,FL_872,False,False,0
746,FL_873,False,False,0
747,FL_874,False,False,0
748,FL_875,False,False,0
749,FL_876,False,False,0
750,FL_877,False,False,0
751,FL_878,False,False,0
752,FL_879,True,False,0
753,FL_880,False,False,0
754,FL_882,False,False,0
755,FL_883,False,False,0
756,FL_884,True,True,3
757,FL_885,False,False,0
758,FL_886,False,False,0
759,FL_887,False,False,0
760,FL_888,True,True,0
761,FL_889,False,False,3
762,FL_890,True,True,0
763,FL_891,False,False,0
764,FL_892,False,True,0
765,FL_893,False,False,0
766,FL_894,False,True,0
767,FL_895,False,False,0
768,FL_897,True,True,0
769,FL_898,True,True,1
770,FL_899,False,False,0
771,FL_900,False,False,0
772,FL_901,False,False,1
773,FL_902,False,False,0
774,FL_903,False,False,0
775,FL_905,False,False,0
776,FL_906,False,False,0
777,FL_907,False,False,0
778,FL_908,False,False,1
779,FL_909,False,False,0
780,FL_910,False,False,0
781,FL_911,True,True,0
782,FL_912,False,False,0
783,FL_914,False,False,0
784,FL_916,False,False,0
785,FL_918,False,False,0
786,FL_919,False,False,0
787,FL_920,True,True,8
788,FL_921,False,False,0
789,FL_923,False,False,0
790,FL_924,False,False,0
791,FL_925,False,False,0
792,FL_926,False,False,0
793,FL_927,False,False,0
794,FL_928,False,False,0
795,FL_929,True,True,7
796,FL_930,False,False,0
797,FL_931,False,False,0
798,FL_932,False,False,0
799,FL_933,False,False,0
800,FL_934,False,False,1
801,FL_935,False,False,0
802,FL_936,False,False,0
803,FL_937,False,False,0
804,FL_938,False,False,0
805,FL_939,True,False,0
806,FL_940,False,False,0
807,FL_941,False,False,0
808,FL_942,False,False,0
809,FL_943,False,False,0
810,FL_944,False,False,0
811,FL_945,False,False,0
812,FL_947,True,True,1
813,FL_948,False,False,0
814,FL_949,False,False,0
815,FL_950,False,False,0
816,FL_951,False,False,0
817,FL_952,False,False,0
818,FL_955,True,False,0
819,FL_956,True,False,0
820,FL_958,False,False,0
821,FL_963,True,True,0
822,FL_964,False,False,0
823,FL_965,False,False,0
824,FL_966,False,False,1
825,FL_967,True,False,2
826,FL_968,False,False,1
827,FL_969,False,False,0
828,FL_971,True,False,0
829,FL_973,True,True,0
830,FL_974,True,False,0
831,FL_975,False,False,0
832,FL_976,False,False,0
833,FL_978,True,True,5
834,FL_980,True,False,0
835,FL_981,True,False,0
836,FL_982,False,False,0
837,FL_983,False,False,0
838,FL_985,False,False,0
839,FL_986,False,False,0
840,FL_987,True,True,0
841,FL_988,False,False,0
842,FL_990,False,False,0
843,FL_991,False,False,0
844,FL_992,False,False,0
845,FL_993,False,False,0
846,FL_994,False,False,0
847,FL_995,False,False,0
848,FL_997,False,False,0
849,FL_998,False,True,0
850,FL_999,False,False,0
851,FL_1000,True,True,0
852,FL_1001,False,False,0
853,FL_1002,False,False,0
854,FL_1003,False,False,0
855,FL_1004,True,False,0
856,FL_1005,False,False,0
857,FL_1006,True,False,0
858,FL_1007,False,False,0
859,FL_1008,True,False,0
860,FL_1009,True,False,0
861,FL_1010,False,False,0
862,FL_1011,True,False,0
863,FL_1012,False,False,0
864,FL_1013,True,True,1
865,FL_1014,False,False,0
866,FL_1015,False,False,1
867,FL_1016,False,False,0
868,FL_1017,False,False,0
869,FL_1018,False,False,0
870,FL_1019,True,False,0
871,FL_1020,True,False,0
872,FL_1021,False,False,0
873,FL_1022,False,False,0
874,FL_1023,True,False,0
875,FL_1024,False,False,0
876,FL_1025,False,False,0
877,FL_1026,True,False,2
878,FL_1027,True,True,0
879,FL_1028,True,False,0
880,FL_1029,True,False,0
881,FL_1030,False,False,0
882,FL_1031,True,False,0
883,FL_1032,True,True,3
884,FL_1033,True,False,0
885,FL_1034,True,False,0
886,FL_1035,True,False,0
887,FL_1036,False,False,0
888,FL_1037,False,False,0
889,FL_1038,False,False,0
890,FL_1039,False,False,0
891,FL_1040,False,False,0
892,FL_1041,False,False,0
893,FL_1042,False,False,0
894,FL_1043,False,False,3
895,FL_1044,True,False,0
896,FL_1045,False,False,0
897,FL_1046,False,False,0
898,FL_1047,False,False,0
899,FL_1048,False,False,0
900,FL_1050,True,True,2
901,FL_1051,False,False,0
902,FL_1052,False,False,0
903,FL_1053,False,False,1
904,FL_1054,True,False,0
905,FL_1055,False,False,0
906,FL_1056,False,False,0
907,FL_1057,True,False,2
908,FL_1058,True,False,0
909,FL_1059,False,False,0
910,FL_1061,False,False,0
911,FL_1062,False,False,0
912,FL_1063,False,False,0
913,FL_1065,False,False,0
914,FL_1067,False,False,0
915,FL_1068,False,False,0
916,FL_1069,False,False,0
917,FL_1070,False,False,0
918,FL_1071,False,False,0
919,FL_1072,False,False,0
920,FL_1073,False,False,0
921,FL_1074,False,False,0
922,FL_1076,False,False,0
923,FL_1077,True,True,0
924,FL_1078,False,False,0
925,FL_1079,False,False,0
926,FL_1080,False,False,1
927,FL_1081,True,False,0
928,FL_1082,False,False,0
929,FL_1083,False,False,0
930,FL_1084,True,False,0
931,FL_1085,False,False,0
932,FL_1086,True,False,0
933,FL_1087,False,False,0
934,FL_1089,True,False,0
935,FL_1090,False,False,0
936,FL_1091,False,True,0
937,FL_1092,False,False,0
938,FL_1093,False,False,0
939,FL_1094,False,False,0
940,FL_1095,False,False,1
941,FL_1096,False,False,0
942,FL_1097,False,False,0
943,FL_1098,False,False,0
944,FL_1099,False,False,0
945,FL_1100,False,False,0
946,FL_1102,False,False,0
947,FL_1103,False,False,0
948,FL_1104,False,False,0
949,FL_1105,False,False,0
950,FL_1106,False,False,0
951,FL_1107,False,False,0
952,FL_1108,False,False,0
953,FL_1109,True,False,0
954,FL_1110,False,False,0
955,FL_1111,False,False,0
956,FL_1112,False,False,0
957,FL_1113,False,False,0
958,FL_1115,False,False,0
959,FL_1118,False,False,0
960,FL_1119,False,False,0
961,FL_1120,False,True,0
962,FL_1123,False,False,0
963,FL_1125,False,False,0
964,FL_1126,False,False,0
965,FL_1127,False,False,0
966,FL_1128,True,False,0
967,FL_1130,False,False,0
968,FL_1131,False,False,0
969,FL_1132,False,False,0
970,FL_1135,False,False,0
971,FL_1137,False,False,0
972,FL_1138,False,False,0
973,FL_1140,True,True,0
974,FL_1141,False,False,0
975,FL_1142,False,False,0
976,FL_1143,False,False,0
977,FL_1144,False,False,0
978,FL_1145,False,False,0
979,FL_1146,False,False,0
980,FL_1147,True,False,0
981,FL_1148,False,False,0
982,FL_1149,False,False,0
983,FL_1150,False,False,0
984,FL_1151,False,False,0
985,FL_1152,False,False,0
986,FL_1153,False,False,0
987,FL_1154,False,False,0
988,FL_1155,False,False,0
989,FL_1156,False,False,1
990,FL_1157,False,False,0
991,FL_1158,False,False,0
992,FL_1159,False,False,0
993,FL_1160,False,False,2
994,FL_1161,True,True,0
995,FL_1162,False,False,1
996,FL_1163,True,False,0
997,FL_1164,False,False,0
998,FL_1166,True,False,0
999,FL_1167,True,False,0
1000,FL_1168,True,True,3
1001,FL_1169,False,False,0
1002,FL_1170,False,False,0
1003,FL_1171,False,False,0
1004,FL_1172,False,False,0
1005,FL_1173,False,False,0
1006,FL_1174,True,False,0
1007,FL_1175,False,False,0
1008,FL_1176,True,True,1
1009,FL_1177,False,False,0
1010,FL_1178,False,False,0
1011,FL_1179,True,False,0
1012,FL_1180,False,False,0
1013,FL_1181,True,False,5
1014,FL_1182,False,False,0
1015,FL_1183,False,False,0
1016,FL_1184,False,False,0
1017,FL_1185,False,False,0
1018,FL_1186,False,False,0
1019,FL_1187,False,False,0
1020,FL_1188,False,False,1
1021,FL_1189,False,False,0
1022,FL_1190,False,False,0
1023,FL_1191,False,False,0
1024,FL_1192,True,False,0
1025,FL_1193,False,False,0
1026,FL_1194,True,True,2
1027,FL_1195,True,False,1
1028,FL_1196,False,False,0
1029,FL_1197,True,True,0
1030,FL_1198,False,False,0
1031,FL_1199,False,False,0
1032,FL_1200,True,True,6
1033,FL_1201,False,False,0
1034,FL_1202,False,False,0
1035,FL_1203,False,False,0
1036,FL_1204,False,False,0
1037,FL_1205,True,False,0
1038,FL_1206,False,False,0
1039,FL_1207,True,False,0
1040,FL_1208,False,False,0
1041,FL_1209,False,False,0
1042,FL_1210,True,False,0
1043,FL_1212,False,False,1
1044,FL_1213,False,False,0
1045,FL_1216,False,False,1
1046,FL_1217,True,False,0
1047,FL_1218,True,True,3
1048,FL_1219,False,False,0
1049,FL_1220,False,False,0
1050,FL_1221,False,False,0
1051,FL_1222,False,False,0
1052,FL_1224,False,False,0
1053,FL_1225,False,False,0
1054,FL_1226,True,False,0
1055,FL_1227,False,False,0
1056,FL_1229,True,False,0
1057,FL_1230,False,False,0
1058,FL_1231,False,False,0
1059,FL_1232,False,False,1
1060,FL_1233,False,True,3
1061,FL_1234,True,False,0
1062,FL_1235,False,True,6
1063,FL_1236,False,False,0
1064,FL_1237,False,False,0
1065,FL_1238,True,True,4
1066,FL_1239,True,False,1
1067,FL_1240,False,False,0
1068,FL_1241,False,False,0
1069,FL_1242,False,False,0
1070,FL_1243,False,False,0
1071,FL_1244,True,True,4
1072,FL_1245,True,True,2
1073,FL_1246,False,False,0
1074,FL_1247,False,False,0
1075,FL_1249,False,False,0
1076,FL_1251,False,False,0
1077,FL_1252,False,False,0
1078,FL_1253,False,False,1
1079,FL_1255,False,False,0
1080,FL_1256,True,False,0
1081,FL_1257,False,False,0
1082,FL_1258,False,False,0
1083,FL_1259,True,False,0
1084,FL_1260,False,True,0
1085,FL_1261,True,True,2
1086,FL_1263,False,False,0
1087,FL_1264,False,True,1
1088,FL_1266,False,False,0
1089,FL_1267,False,False,0
1090,FL_1268,False,False,0
1091,FL_1269,False,False,0
1092,FL_1270,False,False,0
1093,FL_1272,False,False,0
1094,FL_1273,False,False,1
1095,FL_1274,False,False,0
1096,FL_1275,False,False,0
1097,FL_1276,False,False,0
1098,FL_1277,False,False,0
1099,FL_1278,True,True,3
1100,FL_1279,True,False,1
1101,FL_1280,False,False,0
1102,FL_1281,False,False,0
1103,FL_1282,False,False,1
1104,FL_1283,True,False,0
1105,FL_1284,False,False,0
1106,FL_1285,False,False,1
1107,FL_1286,False,False,0
1108,FL_1287,False,False,0
1109,FL_1288,False,False,0
1110,FL_1290,False,False,0
1111,FL_1291,True,True,2
1112,FL_1292,False,False,0
1113,FL_1293,False,False,0
1114,FL_1294,False,False,0
1115,FL_1295,False,False,0
1116,FL_1296,True,False,0
1117,FL_1297,False,False,0
1118,FL_1298,True,False,0
1119,FL_1299,False,False,0
1120,FL_1300,False,False,0
1121,FL_1301,False,True,0
1122,FL_1302,True,False,0
1123,FL_1303,True,True,2
1124,FL_1304,True,False,0
1125,FL_1305,False,False,0
1126,FL_1306,False,False,0
1127,FL_1307,False,False,0
1128,FL_1308,False,False,0
1129,FL_1309,False,False,0
1130,FL_1310,False,False,0
1131,FL_1311,False,False,0
1132,FL_1312,False,False,0
1133,FL_1313,False,False,0
1134,FL_1314,False,False,0
1135,FL_1315,False,False,0
1136,FL_1316,False,False,0
1137,FL_1317,True,False,0
1138,FL_1318,True,False,0
1139,FL_1319,False,False,0
1140,FL_1320,False,True,0
1141,FL_1321,False,False,0
1142,FL_1322,False,False,0
1143,FL_1323,False,False,0
1144,FL_1324,False,False,0
1145,FL_1325,False,True,0
1146,FL_1326,False,False,0
1147,FL_1327,False,False,0
1148,FL_1328,True,False,0
1149,FL_1329,False,True,0
1150,FL_1331,True,True,1
1151,FL_1332,False,False,0
1152,FL_1333,False,False,0
1153,FL_1334,False,False,1
1154,FL_1335,True,True,6
1155,FL_1336,False,False,0
1156,FL_1337,False,False,0
1157,FL_1339,False,False,0
1158,FL_1340,True,True,2
1159,FL_1341,False,False,0
1160,FL_1342,False,False,0
1161,FL_1343,False,False,0
1162,FL_1345,False,False,0
1163,FL_1346,False,False,0
1164,FL_1347,False,False,0
1165,FL_1348,True,False,0
1166,FL_1349,False,False,0
1167,FL_1350,False,False,0
1168,FL_1351,False,False,0
1169,FL_1352,False,False,0
1170,FL_1354,False,False,0
1171,FL_1355,False,False,0
1172,FL_1356,True,True,1
1173,FL_1357,True,False,0
1174,FL_1358,False,False,0
1175,FL_1359,False,False,0
1176,FL_1360,False,True,0
1177,FL_1361,False,False,0
1178,FL_1362,False,False,0
1179,FL_1363,True,True,0
1180,FL_1364,False,False,0
1181,FL_1365,True,False,0
1182,FL_1366,True,True,0
1183,FL_1367,False,False,0
1184,FL_1368,True,False,0
1185,FL_1371,False,False,0
1186,FL_1372,False,False,0
1187,FL_1373,False,False,0
1188,FL_1375,False,False,0
1189,FL_1376,False,False,0
1190,FL_1377,False,False,0
1191,FL_1378,True,True,1
1192,FL_1379,True,False,0
1193,FL_1380,False,False,0
1194,FL_1381,False,False,0
1195,FL_1382,False,False,0
1196,FL_1383,False,False,0
1197,FL_1384,True,False,0
1198,FL_1385,True,False,0
1199,FL_1386,True,True,3
1200,FL_1387,True,True,1
1201,FL_1388,True,False,3
1202,FL_1389,False,True,2
1203,FL_1390,True,True,1
1204,FL_1391,True,False,0
1205,FL_1392,False,False,0
1206,FL_1393,False,False,0
1207,FL_1394,False,False,0
1208,FL_1395,False,True,0
1209,FL_1396,False,False,0
1210,FL_1397,False,False,0
1211,FL_1398,False,False,0
1212,FL_1399,False,False,0
1213,FL_1400,False,False,0
1214,FL_1401,False,False,0
1215,FL_1402,False,False,0
1216,FL_1403,False,False,0
1217,FL_1404,False,False,0
1218,FL_1405,False,False,0
1219,FL_1406,False,False,0
1220,FL_1407,True,False,0
1221,FL_1408,False,False,0
1222,FL_1409,False,False,0
1223,FL_1410,False,False,0
1224,FL_1412,False,False,0
1225,FL_1416,False,False,0
1226,FL_1417,False,False,0
1227,FL_1418,False,True,1
1228,FL_1419,False,False,0
1229,FL_1420,False,False,2
1230,FL_1421,False,False,0
1231,FL_1422,False,False,0
1232,FL_1423,False,False,0
1233,FL_1424,False,False,0
1234,FL_1425,False,False,0
1235,FL_1427,False,False,0
1236,FL_1429,False,False,0
1237,FL_1431,False,False,0
1238,FL_1432,False,False,0
1239,FL_1433,False,False,0
1240,FL_1434,False,False,0
1241,FL_1435,False,False,0
1242,FL_1436,True,True,0
1243,FL_1437,True,False,0
1244,FL_1438,False,False,0
1245,FL_1439,False,False,0
1246,FL_1440,False,False,0
1247,FL_1441,False,False,0
1248,FL_1442,False,False,0
1249,FL_1443,False,False,0
1250,FL_1444,False,False,0
1251,FL_1445,False,False,0
1252,FL_1446,False,False,0
1253,FL_1449,False,False,0
1254,FL_1451,False,False,0
1255,FL_1452,False,False,0
1256,FL_1455,False,False,0
1257,FL_1456,False,False,0
1258,FL_1457,False,False,0
1259,FL_1458,False,False,0
1260,FL_1459,False,False,0
1261,FL_1460,False,False,0
1262,FL_1461,False,False,0
1263,FL_1462,False,False,0
1264,FL_1463,False,False,0
1265,FL_1464,False,False,0
1266,FL_1465,False,False,0
1267,FL_1466,False,False,0
1268,FL_1467,False,False,0
1269,FL_1468,True,True,0
1270,FL_1469,False,False,0
1271,FL_1470,False,False,0
1272,FL_1471,False,False,1
1273,FL_1472,False,False,0
1274,FL_1473,True,True,1
1275,FL_1474,False,False,0
1276,FL_1475,False,False,0
1277,FL_1476,False,False,0
1278,FL_1477,False,False,0
1279,FL_1478,False,False,0
1280,FL_1479,False,False,0
1281,FL_1480,False,False,0
1282,FL_1481,False,False,0
1283,FL_1482,False,False,0
1284,FL_1483,False,False,0
1285,FL_1484,False,False,0
1286,FL_1485,True,True,0
1287,FL_1486,True,False,0
1288,FL_1487,True,False,0
1289,FL_1488,True,False,0
1290,FL_1489,False,False,0
1291,FL_1490,False,False,0
1292,FL_1492,False,False,0
1293,FL_1493,False,False,0
1294,FL_1494,False,False,1
1295,FL_1495,False,False,0
1296,FL_1496,False,False,0
1297,FL_1497,True,False,0
1298,FL_1498,False,False,0
1299,FL_1499,False,False,0
1300,FL_1500,False,False,0
1301,FL_1501,False,False,0
1302,FL_1502,False,False,0
1303,FL_1503,False,False,0
1304,FL_1504,False,False,0
1305,FL_1505,True,False,0
1306,FL_1506,False,False,1
1307,FL_1507,False,False,0
1308,FL_1508,False,False,0
1309,FL_1509,False,False,0
1310,FL_1510,False,False,0
1311,FL_1511,False,False,0
1312,FL_1514,True,False,0
1313,FL_1515,False,False,0
1314,FL_1516,False,False,0
1315,FL_1517,False,False,0
1316,FL_1518,True,True,2
1317,FL_1519,True,False,0
1318,FL_1520,True,False,0
1319,FL_1522,False,False,0
1320,FL_1523,True,False,0
1321,FL_1524,True,False,0
1322,FL_1525,False,False,0
1323,FL_1526,False,False,0
1324,FL_1527,True,False,0
1325,FL_1528,False,False,0
1326,FL_1529,False,False,0
1327,FL_1532,False,False,0
1328,FL_1534,False,True,0
1329,FL_1536,False,False,0
1330,FL_1537,False,False,0
1331,FL_1538,False,False,0
1332,FL_1540,True,False,1
1333,FL_1541,True,False,2
1334,FL_1543,False,False,0
1335,FL_1547,True,True,2
1336,FL_1548,False,False,0
1337,FL_1551,False,False,0
1338,FL_1552,False,False,0
1339,FL_1553,False,False,0
1340,FL_1554,False,False,0
1341,FL_1555,False,False,0
1342,FL_1556,False,False,0
1343,FL_1557,False,False,0
1344,FL_1558,False,False,0
1345,FL_1559,False,False,1
1346,FL_1561,True,False,1
1347,FL_1562,False,False,0
1348,FL_1563,True,True,4
1349,FL_1564,True,True,1
1350,FL_1565,True,False,1
1351,FL_1566,False,False,0
1352,FL_1569,False,False,0
1353,FL_1570,False,False,0
1354,FL_1572,False,False,0
1355,FL_1573,False,False,0
1356,FL_1574,False,False,0
1357,FL_1575,False,False,0
1358,FL_1577,False,False,2
1359,FL_1578,False,False,0
1360,FL_1579,False,True,0
1361,FL_1580,True,True,0
1362,FL_1581,False,False,0
1363,FL_1582,True,True,1
1364,FL_1583,False,False,0
1365,FL_1584,False,False,0
1366,FL_1585,False,False,1
1367,FL_1586,True,True,0
1368,FL_1587,False,False,0
1369,FL_1588,False,False,0
1370,FL_1589,False,False,0
1371,FL_1590,False,False,0
1372,FL_1591,True,True,5
1373,FL_1592,False,False,1
1374,FL_1593,True,True,4
1375,FL_1594,False,False,0
1376,FL_1595,False,True,1
1377,FL_1596,False,False,0
1378,FL_1597,False,False,0
1379,FL_1598,False,False,0
1380,FL_1599,False,False,0
1381,FL_1600,False,False,0
1382,FL_1601,False,False,0
1383,FL_1602,False,False,0
1384,FL_1603,True,False,1
1385,FL_1604,True,False,0
1386,FL_1605,False,False,0
1387,FL_1606,False,False,0
1388,FL_1607,False,False,0
1389,FL_1608,False,False,0
1390,FL_1609,False,False,0
1391,FL_1610,False,False,0
1392,FL_1611,False,False,0
1393,FL_1613,False,False,0
1394,FL_1614,True,False,0
1395,FL_1615,False,False,0
1396,FL_1616,False,False,0
1397,FL_1617,False,False,0
1398,FL_1618,True,False,1
1399,FL_1619,False,False,0
1400,FL_1620,True,True,1
1401,FL_1622,False,False,3
1402,FL_1623,True,True,2
1403,FL_1624,False,False,1
1404,FL_1625,False,False,0
1405,FL_1626,False,False,0
1406,FL_1627,False,False,0
1407,FL_1629,False,False,0
1408,FL_1630,False,False,0
1409,FL_1631,False,False,0
1410,FL_1633,True,False,1
1411,FL_1635,False,False,0
1412,FL_1636,False,False,0
1413,FL_1637,False,False,0
1414,FL_1638,True,False,3
1415,FL_1639,False,False,0
1416,FL_1640,True,True,0
1417,FL_1641,False,False,0
1418,FL_1643,True,False,1
1419,FL_1644,False,False,0
1420,FL_1645,False,False,0
1421,FL_1646,False,False,0
1422,FL_1647,False,False,0
1423,FL_1648,True,False,0
1424,FL_1649,False,False,0
1425,FL_1650,False,False,0
1426,FL_1651,True,False,0
1427,FL_1652,False,False,0
1428,FL_1654,False,True,0
1429,FL_1655,False,False,0
1430,FL_1656,False,False,0
1431,FL_1657,True,False,0
1432,FL_1658,True,False,0
1433,FL_1659,True,True,0
1434,FL_1660,False,False,0
1435,FL_1662,True,False,0
1436,FL_1663,False,False,0
1437,FL_1664,False,False,0
1438,FL_1665,False,False,0
1439,FL_1666,True,True,1
1440,FL_1667,False,False,0
1441,FL_1668,False,False,0
1442,FL_1669,False,False,0
1443,FL_1670,False,False,0
1444,FL_1671,False,False,0
1445,FL_1672,False,False,0
1446,FL_1673,False,False,0
1447,FL_1675,True,True,1
1448,FL_1676,True,True,5
1449,FL_1677,False,False,0
1450,FL_1678,True,True,1
1451,FL_1679,True,True,1
1452,FL_1680,True,True,0
1453,FL_1681,True,False,0
1454,FL_1682,False,False,0
1455,FL_1683,False,False,0
1456,FL_1684,False,False,0
1457,FL_1685,False,False,0
1458,FL_1686,True,False,0
1459,FL_1687,False,False,0
1460,FL_1688,False,False,0
1461,FL_1689,False,False,0
1462,FL_1691,False,False,0
1463,FL_1692,False,False,0
1464,FL_1693,False,False,0
1465,FL_1694,False,False,0
1466,FL_1695,True,False,0
1467,FL_1696,False,False,0
1468,FL_1699,False,False,0
1469,FL_1701,False,True,0
1470,FL_1705,False,False,0
1471,FL_1706,False,False,0
1472,FL_1707,False,False,0
1473,FL_1708,False,False,0
1474,FL_1710,True,False,0
1475,FL_1712,False,True,0
1476,FL_1715,True,False,5
1477,FL_1716,True,False,0
1478,FL_1717,False,False,0
1479,FL_1718,True,False,0
1480,FL_1719,False,False,0
1481,FL_1720,False,False,0
1482,FL_1721,False,False,0
1483,FL_1722,False,False,0
1484,FL_1723,False,False,0
1485,FL_1724,False,False,0
1486,FL_1725,False,False,0
1487,FL_1726,True,False,3
1488,FL_1727,False,False,0
1489,FL_1729,True,False,0
1490,FL_1730,False,False,0
1491,FL_1731,True,False,0
1492,FL_1732,False,False,0
1493,FL_1733,False,False,0
1494,FL_1734,False,False,0
1495,FL_1735,False,False,1
1496,FL_1736,False,False,0
1497,FL_1737,True,False,0
1498,FL_1738,False,False,0
1499,FL_1739,False,False,1
1500,FL_1740,False,False,0
1501,FL_1741,False,False,0
1502,FL_1742,False,False,0
1503,FL_1743,False,False,0
1504,FL_1744,False,True,0
1505,FL_1745,True,False,0
1506,FL_1746,True,True,3
1507,FL_1747,False,False,0
1508,FL_1748,False,False,0
1509,FL_1749,False,False,0
1510,FL_1750,True,False,0
1511,FL_1751,True,False,0
1512,FL_1752,True,True,0
1513,FL_1753,False,False,0
1514,FL_1754,False,False,0
1515,FL_1755,False,False,0
1516,FL_1756,False,False,0
1517,FL_1758,False,False,0
1518,FL_1759,True,False,0
1519,FL_1760,False,False,0
1520,FL_1761,False,False,0
1521,FL_1762,False,False,0
1522,FL_1764,False,False,1
1523,FL_1765,False,True,0
1524,FL_1766,True,True,13
1525,FL_1767,True,False,0
1526,FL_1768,True,False,2
1527,FL_1770,False,False,0
1528,FL_1773,True,False,0
1529,FL_1774,False,False,0
1530,FL_1775,True,False,0
1531,FL_1776,False,False,0
1532,FL_1777,True,False,0
1533,FL_1778,False,False,0
1534,FL_1779,True,True,2
1535,FL_1780,True,True,2
1536,FL_1781,True,False,0
1537,FL_1782,True,True,0
1538,FL_1783,False,False,0
1539,FL_1784,False,False,0
1540,FL_1785,False,False,0
1541,FL_1786,True,False,0
1542,FL_1787,False,False,0
1543,FL_1788,False,False,0
1544,FL_1789,False,False,0
1545,FL_1790,True,False,1
1546,FL_1791,True,False,0
1547,FL_1792,True,True,3
1548,FL_1793,False,False,0
1549,FL_1794,False,False,0
1550,FL_1795,True,False,0
1551,FL_1796,True,True,1
1552,FL_1797,False,False,0
1553,FL_1798,True,True,3
1554,FL_1800,False,False,0
1555,FL_1801,True,True,2
1556,FL_1802,False,False,1
1557,FL_1803,True,True,0
1558,FL_1804,True,True,1
1559,FL_1805,False,False,0
1560,FL_1808,False,False,1
1561,FL_1809,False,False,0
1562,FL_1810,False,False,0
1563,FL_1811,False,False,0
1564,FL_1812,False,False,0
1565,FL_1813,False,False,0
1566,FL_1814,True,False,1
1567,FL_1815,False,False,0
1568,FL_1816,False,False,0
1569,FL_1817,False,False,0
1570,FL_1818,False,False,0
1571,FL_1819,False,False,0
1572,FL_1822,True,False,0
1573,FL_1823,False,False,0
1574,FL_1824,False,False,0
1575,FL_1826,False,False,0
1576,FL_1827,False,True,0
1577,FL_1828,True,False,0
1578,FL_1830,False,False,0
1579,FL_1833,False,False,0
1580,FL_1834,True,False,0
1581,FL_1836,False,False,0
1582,FL_1837,False,False,0
1583,FL_1838,False,False,0
1584,FL_1839,False,False,0
1585,FL_1840,False,False,0
1586,FL_1841,True,False,2
1587,FL_1842,False,False,0
1588,FL_1843,False,False,0
1589,FL_1844,False,False,0
1590,FL_1845,False,False,0
1591,FL_1846,False,False,0
1592,FL_1847,False,False,0
1593,FL_1848,True,False,1
1594,FL_1849,False,False,0
1595,FL_1850,False,False,0
1596,FL_1851,False,False,0
1597,FL_1852,False,False,0
1598,FL_1853,False,False,0
1599,FL_1854,False,False,0
1600,FL_1855,False,False,0
1601,FL_1856,False,False,0
1602,FL_1857,False,False,0
1603,FL_1858,False,False,0
1604,FL_1859,False,False,0
1605,FL_1860,False,False,0
1606,FL_1861,False,False,1
1607,FL_1862,False,False,0
1608,FL_1863,True,False,2
1609,FL_1864,False,False,0
1610,FL_1865,False,False,0
1611,FL_1866,False,True,3
1612,FL_1868,True,False,0
1613,FL_1869,False,False,0
1614,FL_1870,False,False,0
1615,FL_1871,False,False,0
1616,FL_1872,False,False,0
1617,FL_1873,False,False,0
1618,FL_1874,False,False,0
1619,FL_1875,False,False,0
1620,FL_1876,False,False,0
1621,FL_1877,True,False,0
1622,FL_1878,False,False,0
1623,FL_1879,False,False,0
1624,FL_1880,False,False,0
1625,FL_1881,False,False,0
1626,FL_1882,False,False,0
1627,FL_1884,True,False,0
1628,FL_1885,False,False,0
1629,FL_1886,False,False,0
1630,FL_1887,True,False,0
1631,FL_1888,False,False,0
1632,FL_1889,False,False,0
1633,FL_1892,True,True,0
1634,FL_1893,True,False,0
1635,FL_1894,False,False,0
1636,FL_1895,True,True,0
1637,FL_1896,True,False,0
1638,FL_1897,True,False,0
1639,FL_1898,False,False,0
1640,FL_1899,False,False,0
1641,FL_1900,True,True,0
1642,FL_1901,True,False,0
1643,FL_1903,False,False,0
1644,FL_1904,False,False,0
1645,FL_1905,True,False,0
1646,FL_1906,False,True,1
1647,FL_1907,False,False,0
1648,FL_1908,False,False,0
1649,FL_1909,True,False,0
1650,FL_1910,False,False,0
1651,FL_1911,False,False,0
1652,FL_1912,False,False,0
1653,FL_1913,False,False,0
1654,FL_1914,False,False,0
1655,FL_1915,True,False,2
1656,FL_1916,False,False,0
1657,FL_1917,False,False,0
1658,FL_1918,False,False,0
1659,FL_1919,False,False,0
1660,FL_1921,True,True,0
1661,FL_1922,False,False,0
1662,FL_1924,False,True,0
1663,FL_1925,False,False,0
1664,FL_1926,False,False,0
1665,FL_1927,True,False,0
1666,FL_1928,False,False,0
1667,FL_1930,False,False,0
1668,FL_1931,False,False,1
1669,FL_1932,False,False,0
1670,FL_1933,False,False,0
1671,FL_1935,False,False,0
1672,FL_1936,False,False,0
1673,FL_1937,True,False,0
1674,FL_1938,False,False,0
1675,FL_1939,False,False,0
1676,FL_1940,False,False,0
1677,FL_1942,False,False,0
1678,FL_1943,False,False,0
1679,FL_1945,False,False,0
1680,FL_1946,False,False,0
1681,FL_1947,True,True,2
1682,FL_1949,False,False,0
1683,FL_1950,False,False,0
1684,FL_1951,True,False,0
1685,FL_1952,False,False,0
1686,FL_1953,False,False,0
1687,FL_1954,True,False,0
1688,FL_1955,False,False,0
1689,FL_1956,False,False,0
1690,FL_1959,False,False,0
1691,FL_1960,True,False,0
1692,FL_1961,False,False,0
1693,FL_1963,True,True,1
1694,FL_1968,False,False,0
1695,FL_1970,False,False,0
1696,FL_1971,False,False,0
1697,FL_1972,True,True,1
1698,FL_1973,False,False,0
1699,FL_1974,True,False,0
1700,FL_1975,False,True,0
1701,FL_1976,False,False,0
1702,FL_1977,False,False,0
1703,FL_1978,False,False,0
1704,FL_1979,False,False,0
1705,FL_1980,False,False,0
1706,FL_1981,False,False,0
1707,FL_1982,False,False,0
1708,FL_1983,True,True,1
1709,FL_1984,False,False,0
1710,FL_1985,False,False,2
1711,FL_1986,False,False,0
1712,FL_1987,True,False,0
1713,FL_1988,True,False,0
1714,FL_1989,False,False,0
1715,FL_1990,False,False,0
1716,FL_1991,True,False,0
1717,FL_1992,False,False,0
1718,FL_1993,False,False,0
1719,FL_1994,False,False,0
1720,FL_1995,False,False,0
1721,FL_1996,False,False,0
1722,FL_1997,False,False,0
1723,FL_1998,False,False,0
1724,FL_1999,False,False,0
1725,FL_2000,True,True,0
1726,FL_2001,False,False,0
1727,FL_2002,True,True,3
1728,FL_2003,False,False,0
1729,FL_2004,False,False,0
1730,FL_2005,False,False,0
1731,FL_2006,True,False,0
1732,FL_2007,False,False,0
1733,FL_2008,True,True,0
1734,FL_2009,True,False,0
1735,FL_2010,False,False,0
1736,FL_2011,True,True,2
1737,FL_2013,False,False,0
1738,FL_2014,False,False,0
1739,FL_2015,False,False,0
1740,FL_2016,False,False,0
1741,FL_2017,False,False,0
1742,FL_2018,False,False,0
1743,FL_2019,True,False,0
1744,FL_2020,False,False,0
1745,FL_2021,False,False,0
1746,FL_2022,False,False,0
1747,FL_2023,False,False,0
1748,FL_2024,False,False,0
1749,FL_2025,False,False,0
1750,FL_2026,False,False,0
1751,FL_2027,False,False,0
1752,FL_2028,False,False,0
1753,FL_2029,True,False,2
1754,FL_2030,True,True,4
1755,FL_2031,True,False,0
1756,FL_2032,False,False,0
1757,FL_2033,False,False,0
1758,FL_2034,False,False,0
1759,FL_2035,False,False,0
1760,FL_2036,False,False,0
1761,FL_2037,False,False,0
1762,FL_2038,True,True,0
1763,FL_2039,False,False,0
1764,FL_2040,False,False,0
1765,FL_2041,False,False,0
1766,FL_2042,False,False,0
1767,FL_2043,True,True,1
1768,FL_2044,False,False,0
1769,FL_2045,False,False,0
1770,FL_2046,False,False,0
1771,FL_2047,False,False,0
1772,FL_2049,False,False,1
1773,FL_2050,False,False,0
1774,FL_2051,False,False,0
1775,FL_2052,True,False,0
1776,FL_2053,False,False,0
1777,FL_2054,True,True,1
1778,FL_2055,False,True,0
1779,FL_2056,False,False,0
1780,FL_2057,False,False,0
1781,FL_2058,True,True,0
1782,FL_2059,True,False,0
1783,FL_2060,False,False,0
1784,FL_2061,True,True,2
1785,FL_2062,False,False,0
1786,FL_2063,True,False,0
1787,FL_2064,False,False,0
1788,FL_2065,False,False,0
1789,FL_2066,False,False,0
1790,FL_2067,False,False,0
1791,FL_2068,False,False,0
1792,FL_2069,False,False,0
1793,FL_2072,False,False,0
1794,FL_2073,False,False,0
1795,FL_2076,True,False,1
1796,FL_2077,False,False,0
1797,FL_2078,True,False,1
1798,FL_2079,False,False,1
1799,FL_2080,True,False,0
1800,FL_2081,False,False,0
1801,FL_2082,True,False,0
1802,FL_2083,True,True,0
1803,FL_2084,True,False,0
1804,FL_2085,True,False,0
1805,FL_2086,False,False,0
1806,FL_2090,False,False,1
1807,FL_2091,True,False,0
1808,FL_2092,True,False,1
1809,FL_2093,False,False,0
1810,FL_2094,False,False,0
1811,FL_2095,False,False,0
1812,FL_2096,False,False,0
1813,FL_2097,False,False,0
1814,FL_2098,False,False,0
1815,FL_2099,False,False,0
1816,FL_2100,False,False,0
1817,FL_2101,True,True,6
1818,FL_2102,False,False,0
1819,FL_2103,False,False,0
1820,FL_2104,False,False,0
1821,FL_2105,False,False,0
1822,FL_2106,False,False,0
1823,FL_2107,True,True,1
1824,FL_2108,True,True,0
1825,FL_2109,True,True,1
1826,FL_2111,False,False,0
1827,FL_2112,False,False,0
1828,FL_2115,False,False,3
1829,FL_2116,False,False,0
1830,FL_2117,False,False,0
1831,FL_2118,False,False,0
1832,FL_2119,False,False,0
1833,FL_2120,False,False,0
1834,FL_2121,True,True,5
1835,FL_2122,False,False,0
1836,FL_2124,False,False,0
1837,FL_2125,False,False,0
1838,FL_2126,False,False,0
1839,FL_2128,False,False,0
1840,FL_2129,False,False,0
1841,FL_2130,False,False,0
1842,FL_2131,False,False,0
1843,FL_2132,True,False,0
1844,FL_2133,False,False,1
1845,FL_2134,True,True,0
1846,FL_2135,False,False,0
1847,FL_2136,False,False,0
1848,FL_2137,False,True,0
1849,FL_2138,False,False,0
1850,FL_2139,False,False,0
1851,FL_2140,False,False,0
1852,FL_2141,False,False,0
1853,FL_2142,False,False,0
1854,FL_2143,False,False,0
1855,FL_2144,False,False,0
1856,FL_2145,True,True,2
1857,FL_2146,False,False,0
1858,FL_2147,False,False,0
1859,FL_2148,False,False,0
1860,FL_2149,True,True,1
1861,FL_2150,False,False,1
1862,FL_2151,True,True,2
1863,FL_2152,False,False,0
1864,FL_2153,True,True,3
1865,FL_2154,False,False,0
1866,FL_2157,False,False,0
1867,FL_2158,False,False,0
1868,FL_2159,False,False,0
1869,FL_2160,True,True,0
1870,FL_2161,False,False,0
1871,FL_2162,False,False,0
1872,FL_2163,False,False,0
1873,FL_2164,True,True,3
1874,FL_2165,False,False,1
1875,FL_2166,False,False,0
1876,FL_2167,True,True,0
1877,FL_2168,False,False,0
1878,FL_2169,True,False,0
1879,FL_2170,False,False,0
1880,FL_2171,False,False,0
1881,FL_2172,False,False,0
1882,FL_2173,False,False,0
1883,FL_2174,True,False,0
1884,FL_2175,False,False,0
1885,FL_2176,True,False,0
1886,FL_2177,False,False,1
1887,FL_2178,False,False,0
1888,FL_2179,False,False,0
1889,FL_2180,True,False,0
1890,FL_2181,False,False,0
1891,FL_2182,False,False,0
1892,FL_2183,False,False,0
1893,FL_2184,False,False,0
1894,FL_2185,True,True,1
1895,FL_2186,True,False,2
1896,FL_2187,False,False,0
1897,FL_2188,False,False,0
1898,FL_2189,False,False,0
1899,FL_2190,False,False,0
1900,FL_2191,False,False,0
1901,FL_2192,True,False,0
1902,FL_2193,False,False,0
1903,FL_2194,False,False,0
1904,FL_2196,False,False,0
1905,FL_2197,False,False,0
1906,FL_2198,False,False,2
1907,FL_2199,False,False,2
1908,FL_2201,False,True,0
1909,FL_2202,False,False,0
1910,FL_2203,False,False,0
1911,FL_2204,False,False,0
1912,FL_2205,False,False,0
1913,FL_2206,True,False,0
1914,FL_2207,False,False,0
1915,FL_2208,False,False,0
1916,FL_2209,True,False,1
1917,FL_2210,True,False,0
1918,FL_2212,False,False,0
1919,FL_2213,False,False,0
1920,FL_2214,True,True,2
1921,FL_2215,False,False,0
1922,FL_2216,False,False,0
1923,FL_2217,False,False,0
1924,FL_2218,False,False,0
1925,FL_2219,False,False,0
1926,FL_2221,True,False,1
1927,FL_2222,True,True,6
1928,FL_2223,True,True,0
1929,FL_2224,False,False,0
1930,FL_2225,True,False,0
1931,FL_2226,False,False,0
1932,FL_2227,False,False,1
1933,FL_2228,False,False,0
1934,FL_2229,False,False,0
1935,FL_2230,True,True,0
1936,FL_2231,False,False,0
1937,FL_2232,False,False,0
1938,FL_2233,False,False,0
1939,FL_2234,False,False,0
1940,FL_2237,False,False,0
1941,FL_2238,False,False,0
1942,FL_2240,False,False,0
1943,FL_2241,True,False,0
1944,FL_2242,False,False,0
1945,FL_2244,True,True,0
1946,FL_2245,False,False,0
1947,FL_2247,True,True,0
1948,FL_2249,False,False,0
1949,FL_2250,False,False,0
1950,FL_2251,False,False,0
1951,FL_2252,False,False,0
1952,FL_2253,False,False,1
1953,FL_2254,False,False,0
1954,FL_2255,False,False,0
1955,FL_2256,False,False,0
1956,FL_2257,False,False,0
1957,FL_2258,False,False,0
1958,FL_2259,False,False,0
1959,FL_2260,True,True,0
1960,FL_2261,True,True,0
1961,FL_2262,False,False,0
1962,FL_2263,False,False,0
1963,FL_2264,False,False,2
1964,FL_2265,False,False,0
1965,FL_2266,False,False,0
1966,FL_2267,True,False,0
1967,FL_2268,True,True,0
1968,FL_2269,False,False,0
1969,FL_2270,True,False,0
1970,FL_2271,False,False,0
1971,FL_2272,True,False,0
1972,FL_2273,False,False,0
1973,FL_2274,False,False,1
1974,FL_2275,False,False,0
1975,FL_2276,False,False,0
1976,FL_2277,False,False,0
1977,FL_2279,False,False,0
1978,FL_2280,False,False,0
1979,FL_2281,False,False,0
1980,FL_2282,False,False,0
1981,FL_2283,False,False,0
1982,FL_2284,False,False,0
1983,FL_2285,False,False,0
1984,FL_2286,False,False,0
1985,FL_2287,False,False,0
1986,FL_2288,False,False,0
1987,FL_2289,False,False,0
1988,FL_2290,False,True,0
1989,FL_2291,False,False,0
1990,FL_2292,False,False,0
1991,FL_2293,False,False,0
1992,FL_2294,False,False,0
1993,FL_2295,False,False,0
1994,FL_2296,False,False,0
1995,FL_2297,False,False,0
1996,FL_2298,False,False,0
1997,FL_2299,False,False,1
1998,FL_2300,False,False,1
1999,FL_2301,False,False,0
2000,FL_2302,True,False,0
2001,FL_2303,True,False,1
2002,FL_2304,True,False,0
2003,FL_2305,True,False,0
2004,FL_2306,False,False,0
2005,FL_2307,False,False,0
2006,FL_2308,True,True,0
2007,FL_2309,False,False,1
2008,FL_2310,False,False,0
2009,FL_2311,False,False,1
2010,FL_2312,False,False,0
2011,FL_2313,False,False,0
2012,FL_2314,False,False,0
2013,FL_2315,False,True,1
2014,FL_2316,False,False,0
2015,FL_2317,False,False,1
2016,FL_2318,False,False,0
2017,FL_2319,True,True,0
2018,FL_2320,False,False,0
2019,FL_2321,False,False,0
2020,FL_2322,True,True,0
2021,FL_2324,False,False,0
2022,FL_2325,False,False,0
2023,FL_2326,False,False,0
2024,FL_2327,False,False,1
2025,FL_2328,True,False,0
2026,FL_2329,False,False,0
2027,FL_2330,True,False,0
2028,FL_2331,False,False,0
2029,FL_2332,False,False,0
2030,FL_2334,False,False,0
2031,FL_2335,True,True,6
2032,FL_2337,True,True,2
2033,FL_2338,False,False,0
2034,FL_2339,False,False,0
2035,FL_2340,True,False,0
2036,FL_2341,False,False,0
2037,FL_2342,True,True,3
2038,FL_2343,False,False,0
2039,FL_2344,True,False,0
2040,FL_2345,False,False,1
2041,FL_2346,True,False,0
2042,FL_2347,False,False,0
2043,FL_2348,False,False,0
2044,FL_2349,False,False,0
2045,FL_2350,False,False,0
2046,FL_2351,False,False,0
2047,FL_2352,False,False,0
2048,FL_2353,True,True,0
2049,FL_2354,False,False,0
2050,FL_2355,False,False,0
2051,FL_2356,False,False,0
2052,FL_2358,False,False,0
2053,FL_2359,True,True,0
2054,FL_2361,True,False,0
2055,FL_2362,True,True,14
2056,FL_2363,False,False,0
2057,FL_2364,False,False,0
2058,FL_2365,False,False,0
2059,FL_2367,True,True,0
2060,FL_2368,False,False,0
2061,FL_2369,False,False,0
2062,FL_2370,False,False,0
2063,FL_2371,False,False,0
2064,FL_2372,False,False,0
2065,FL_2373,False,False,0
2066,FL_2375,False,False,0
2067,FL_2376,False,False,0
2068,FL_2377,True,False,0
2069,FL_2378,False,False,0
2070,FL_2379,False,False,0
2071,FL_2380,False,False,0
2072,FL_2381,False,False,0
2073,FL_2383,False,False,0
2074,FL_2385,False,False,0
2075,FL_2386,False,False,0
2076,FL_2387,False,False,0
2077,FL_2388,True,False,1
2078,FL_2389,False,False,1
2079,FL_2392,False,False,0
2080,FL_2393,False,False,0
2081,FL_2394,False,False,0
2082,FL_2395,True,True,0
2083,FL_2396,False,False,0
2084,FL_2397,False,False,0
2085,FL_2398,True,True,1
2086,FL_2399,False,False,0
2087,FL_2400,False,False,1
2088,FL_2401,True,True,0
2089,FL_2403,False,False,0
2090,FL_2404,True,True,1
2091,FL_2405,True,False,0
2092,FL_2406,True,False,0
2093,FL_2407,False,False,0
2094,FL_2408,False,False,0
2095,FL_2410,False,False,0
2096,FL_2411,False,False,0
2097,FL_2412,False,False,0
2098,FL_2413,False,False,0
2099,FL_2414,False,False,0
2100,FL_2415,False,False,0
2101,FL_2416,False,False,0
2102,FL_2417,False,False,0
2103,FL_2418,False,False,0
2104,FL_2419,False,True,0
2105,FL_2420,False,True,0
2106,FL_2421,False,True,0
2107,FL_2422,False,False,0
2108,FL_2423,False,False,0
2109,FL_2424,False,False,0
2110,FL_2425,True,False,0
2111,FL_2426,True,False,0
2112,FL_2427,False,False,0
2113,FL_2428,False,False,0
2114,FL_2429,False,False,0
2115,FL_2430,False,False,0
2116,FL_2432,False,False,0
2117,FL_2433,True,False,0
2118,FL_2435,False,False,0
2119,FL_2436,False,False,0
2120,FL_2437,False,False,0
2121,FL_2438,False,False,0
2122,FL_2439,False,False,0
2123,FL_2440,True,True,0
2124,FL_2441,True,False,0
2125,FL_2442,False,False,0
2126,FL_2444,False,False,0
2127,FL_2445,False,False,0
2128,FL_2446,False,False,0
2129,FL_2447,True,False,0
2130,FL_2448,True,True,4
2131,FL_2449,True,True,0
2132,FL_2450,False,False,0
2133,FL_2451,True,False,0
2134,FL_2452,False,False,0
2135,FL_2453,True,False,0
2136,FL_2454,True,False,2
2137,FL_2455,False,False,0
2138,FL_2456,False,False,0
2139,FL_2457,True,False,0
2140,FL_2459,True,True,0
2141,FL_2460,False,False,0
2142,FL_2461,True,True,2
2143,FL_2462,False,False,0
2144,FL_2463,False,False,0
2145,FL_2464,False,False,0
2146,FL_2465,True,True,1
2147,FL_2466,False,False,0
2148,FL_2467,False,True,1
2149,FL_2468,False,False,0
2150,FL_2469,False,False,0
2151,FL_2471,True,False,2
2152,FL_2472,False,False,0
2153,FL_2473,False,False,0
2154,FL_2475,False,False,3
2155,FL_2476,False,True,0
2156,FL_2477,False,False,0
2157,FL_2478,False,False,0
2158,FL_2479,False,False,0
2159,FL_2480,False,False,0
2160,FL_2481,False,False,0
2161,FL_2482,False,False,0
2162,FL_2483,False,False,1
2163,FL_2484,False,False,0
2164,FL_2488,False,False,1
2165,FL_2489,True,True,0
2166,FL_2491,True,True,0
2167,FL_2492,False,True,0
2168,FL_2493,False,False,0
2169,FL_2496,False,False,0
2170,FL_2497,False,False,0
2171,FL_2499,False,False,0
2172,FL_2500,False,False,0
2173,FL_2501,False,False,0
2174,FL_2502,False,False,1
2175,FL_2503,False,False,0
2176,FL_2505,False,False,0
2177,FL_2506,False,False,0
2178,FL_2508,False,False,0
2179,FL_2509,False,False,0
2180,FL_2510,False,False,0
2181,FL_2512,True,True,2
2182,FL_2513,False,False,0
2183,FL_2514,False,False,0
2184,FL_2515,True,True,1
2185,FL_2517,False,False,0
2186,FL_2518,True,True,0
2187,FL_2520,False,False,0
2188,FL_2521,False,False,0
2189,FL_2523,False,False,0
2190,FL_2524,False,False,0
2191,FL_2525,False,False,0
2192,FL_2526,False,False,0
2193,FL_2527,False,False,0
2194,FL_2528,False,False,0
2195,FL_2531,False,False,0
2196,FL_2532,False,False,0
2197,FL_2533,False,True,1
2198,FL_2534,False,False,0
2199,FL_2535,False,False,0
2200,FL_2537,False,False,1
2201,FL_2538,False,False,0
2202,FL_2539,False,False,0
2203,FL_2540,False,False,0
2204,FL_2541,False,False,0
2205,FL_2542,True,True,1
2206,FL_2543,False,False,1
2207,FL_2544,False,False,0
2208,FL_2545,False,False,0
2209,FL_2546,False,False,0
2210,FL_2547,False,False,1
2211,FL_2548,False,False,0
2212,FL_2549,False,False,0
2213,FL_2550,False,False,0
2214,FL_2551,False,False,0
2215,FL_2552,False,False,1
2216,FL_2553,True,False,0
2217,FL_2554,True,True,0
2218,FL_2555,True,False,0
2219,FL_2556,False,False,0
2220,FL_2557,False,False,0
2221,FL_2558,False,False,0
2222,FL_2559,True,False,0
2223,FL_2560,False,False,0
2224,FL_2561,False,False,0
2225,FL_2562,False,False,0
2226,FL_2563,False,False,0
2227,FL_2564,False,False,0
2228,FL_2565,True,True,2
2229,FL_2566,False,False,0
2230,FL_2567,False,False,1
2231,FL_2568,False,False,0
2232,FL_2569,False,False,0
2233,FL_2570,False,False,0
2234,FL_2571,False,False,0
2235,FL_2572,False,True,0
2236,FL_2573,False,False,0
2237,FL_2574,False,False,0
2238,FL_2575,False,False,0
2239,FL_2576,False,False,0
2240,FL_2577,False,False,0
2241,FL_2578,False,True,0
2242,FL_2579,False,False,1
2243,FL_2580,False,False,0
2244,FL_2581,True,False,0
2245,FL_2582,True,True,0
2246,FL_2583,False,False,0
2247,FL_2584,False,True,0
2248,FL_2586,False,False,0
2249,FL_2587,False,False,0
2250,FL_2588,False,False,0
2251,FL_2589,True,True,0
2252,FL_2590,True,True,1
2253,FL_2591,False,False,0
2254,FL_2593,False,False,0
2255,FL_2594,False,False,0
2256,FL_2595,False,True,3
2257,FL_2596,True,False,0
2258,FL_2597,True,True,0
2259,FL_2598,True,True,0
2260,FL_2599,True,False,0
2261,FL_2601,True,False,0
2262,FL_2602,True,False,0
2263,FL_2603,False,False,0
2264,FL_2604,False,False,0
2265,FL_2605,False,False,0
2266,FL_2606,False,False,0
2267,FL_2607,False,False,0
2268,FL_2608,True,True,0
2269,FL_2609,False,False,0
2270,FL_2610,True,True,0
2271,FL_2611,True,False,0
2272,FL_2612,False,False,0
2273,FL_2613,True,True,1
2274,FL_2614,False,False,1
2275,FL_2615,False,False,0
2276,FL_2616,False,False,0
2277,FL_2617,False,False,0
2278,FL_2618,False,False,0
2279,FL_2619,False,False,0
2280,FL_2620,False,False,0
2281,FL_2621,False,False,0
2282,FL_2622,False,False,0
2283,FL_2623,False,False,0
2284,FL_2627,False,False,0
2285,FL_2628,True,False,0
2286,FL_2629,True,True,0
2287,FL_2630,True,False,0
2288,FL_2632,False,False,1
2289,FL_2633,True,True,0
2290,FL_2634,True,False,0
2291,FL_2636,False,False,0
2292,FL_2638,True,False,0
2293,FL_2639,False,False,0
2294,FL_2640,False,False,0
2295,FL_2641,True,True,1
2296,FL_2642,False,False,0
2297,FL_2643,False,True,2
2298,FL_2644,True,False,0
2299,FL_2646,False,False,0
2300,FL_2647,False,False,0
2301,FL_2648,False,False,0
2302,FL_2649,False,False,0
2303,FL_2651,False,False,1
2304,FL_2652,False,False,0
2305,FL_2653,False,False,0
2306,FL_2654,False,True,1
2307,FL_2656,False,True,0
2308,FL_2657,False,False,0
2309,FL_2658,False,False,0
2310,FL_2659,True,True,0
2311,FL_2661,False,False,0
2312,FL_2663,True,True,0
2313,FL_2664,False,False,0
2314,FL_2665,False,False,0
2315,FL_2666,False,False,1
2316,FL_2667,False,False,1
2317,FL_2668,False,False,0
2318,FL_2670,True,False,0
2319,FL_2671,False,False,0
2320,FL_2672,True,True,0
2321,FL_2673,False,False,0
2322,FL_2674,True,True,2
2323,FL_2675,False,False,0
2324,FL_2676,False,False,0
2325,FL_2677,False,False,0
2326,FL_2678,False,False,0
2327,FL_2679,False,False,0
2328,FL_2680,False,False,0
2329,FL_2681,False,False,0
2330,FL_2682,False,False,0
2331,FL_2683,False,False,0
2332,FL_2684,True,False,0
2333,FL_2685,True,True,7
2334,FL_2686,True,True,9
2335,FL_2687,True,False,0
2336,FL_2688,False,False,0
2337,FL_2689,False,False,0
2338,FL_2690,False,False,0
2339,FL_2691,False,False,0
2340,FL_2692,False,False,0
2341,FL_2693,False,False,0
2342,FL_2694,True,True,1
2343,FL_2695,True,False,0
2344,FL_2696,False,False,0
2345,FL_2698,False,False,0
2346,FL_2699,False,False,0
2347,FL_2701,False,False,0
2348,FL_2702,True,False,0
2349,FL_2703,False,False,0
2350,FL_2704,False,False,0
2351,FL_2705,False,False,0
2352,FL_2706,True,False,0
2353,FL_2707,False,True,0
2354,FL_2710,False,False,0
2355,FL_2711,False,False,0
2356,FL_2712,False,False,0
2357,FL_2713,True,True,3
2358,FL_2714,False,False,0
2359,FL_2716,False,False,0
2360,FL_2717,True,False,0
2361,FL_2718,True,False,0
2362,FL_2719,True,False,0
2363,FL_2721,False,False,0
2364,FL_2722,False,False,0
2365,FL_2723,False,False,0
2366,FL_2724,False,False,0
2367,FL_2725,False,False,0
2368,FL_2727,False,False,0
2369,FL_2728,False,False,0
2370,FL_2729,False,True,0
2371,FL_2730,False,False,0
2372,FL_2731,False,False,1
2373,FL_2732,False,False,0
2374,FL_2733,False,False,0
2375,FL_2734,False,False,1
2376,FL_2736,False,False,0
2377,FL_2737,False,False,0
2378,FL_2738,False,False,0
2379,FL_2739,False,False,0
2380,FL_2740,False,False,0
2381,FL_2741,False,False,0
2382,FL_2742,True,False,0
2383,FL_2743,False,False,0
2384,FL_2744,False,False,0
2385,FL_2745,False,False,0
2386,FL_2746,False,False,0
2387,FL_2747,True,False,0
2388,FL_2748,False,False,1
2389,FL_2749,False,False,0
2390,FL_2751,False,False,0
2391,FL_2752,False,False,0
2392,FL_2753,False,False,0
2393,FL_2754,True,False,0
2394,FL_2755,False,False,0
2395,FL_2756,False,False,0
2396,FL_2758,True,False,1
2397,FL_2759,False,False,0
2398,FL_2760,False,False,0
2399,FL_2761,False,False,0
2400,FL_2762,False,False,0
2401,FL_2763,False,False,0
2402,FL_2764,False,False,0
2403,FL_2765,False,False,0
2404,FL_2766,True,False,0
2405,FL_2767,False,False,0
2406,FL_2768,True,True,0
2407,FL_2769,False,False,0
2408,FL_2770,True,False,0
2409,FL_2771,False,True,2
2410,FL_2772,False,False,0
2411,FL_2773,False,False,0
2412,FL_2774,False,False,0
2413,FL_2775,False,False,0
2414,FL_2776,False,False,0
2415,FL_2777,False,False,4
2416,FL_2778,False,False,0
2417,FL_2779,False,False,1
2418,FL_2780,False,True,1
2419,FL_2781,False,False,0
2420,FL_2783,False,False,0
2421,FL_2784,False,False,0
2422,FL_2785,False,False,0
2423,FL_2786,False,False,0
2424,FL_2787,False,False,0
2425,FL_2789,True,True,1
2426,FL_2790,False,False,0
2427,FL_2791,False,False,0
2428,FL_2792,False,False,0
2429,FL_2793,False,False,0
2430,FL_2794,False,False,0
2431,FL_2795,False,False,0
2432,FL_2796,True,False,0
2433,FL_2797,False,True,0
2434,FL_2798,False,False,0
2435,FL_2799,True,False,0
2436,FL_2800,False,False,3
2437,FL_2801,False,False,0
2438,FL_2802,True,True,0
2439,FL_2803,True,False,16
2440,FL_2804,True,True,0
2441,FL_2805,False,False,0
2442,FL_2806,True,False,0
2443,FL_2807,False,False,0
2444,FL_2808,False,False,0
2445,FL_2809,True,False,0
2446,FL_2810,False,False,0
2447,FL_2811,False,False,0
2448,FL_2812,True,True,0
2449,FL_2813,False,False,0
2450,FL_2814,False,False,0
2451,FL_2815,False,False,0
2452,FL_2816,False,False,0
2453,FL_2817,True,False,0
2454,FL_2818,True,False,0
2455,FL_2819,True,True,3
2456,FL_2820,False,False,0
2457,FL_2821,True,False,0
2458,FL_2822,False,False,0
2459,FL_2823,True,True,0
2460,FL_2824,False,False,0
2461,FL_2825,False,False,0
2462,FL_2826,False,False,0
2463,FL_2827,False,False,0
2464,FL_2829,True,True,2
2465,FL_2830,False,False,0
2466,FL_2831,False,False,0
2467,FL_2832,False,False,0
2468,FL_2833,False,False,0
2469,FL_2834,True,True,5
2470,FL_2835,False,False,0
2471,FL_2836,False,False,0
2472,FL_2837,True,False,0
2473,FL_2838,True,True,5
2474,FL_2840,False,False,0
2475,FL_2841,False,False,0
2476,FL_2842,True,True,0
2477,FL_2843,False,False,0
2478,FL_2844,False,False,0
2479,FL_2845,False,False,0
2480,FL_2846,False,False,0
2481,FL_2847,False,False,0
2482,FL_2848,True,True,0
2483,FL_2849,False,False,0
2484,FL_2850,False,False,0
2485,FL_2851,False,False,0
2486,FL_2852,False,False,0
2487,FL_2853,False,False,0
2488,FL_2854,True,True,1
2489,FL_2855,False,False,0
2490,FL_2856,False,False,0
2491,FL_2857,True,True,1
2492,FL_2858,False,False,0
2493,FL_2859,False,True,1
2494,FL_2860,False,False,0
2495,FL_2861,True,True,2
2496,FL_2862,False,False,0
2497,FL_2863,False,False,0
2498,FL_2864,False,False,0
2499,FL_2865,True,False,0
2500,FL_2866,False,False,0
2501,FL_2867,False,True,1
2502,FL_2868,False,True,0
2503,FL_2871,False,False,0
2504,FL_2872,True,False,0
2505,FL_2873,False,False,0
2506,FL_2874,False,False,0
2507,FL_2876,True,False,0
2508,FL_2877,False,False,0
2509,FL_2878,False,False,0
2510,FL_2879,False,False,0
2511,FL_2880,False,False,0
2512,FL_2881,True,True,0
2513,FL_2883,False,False,0
2514,FL_2884,True,False,0
2515,FL_2885,True,False,0
2516,FL_2886,False,False,0
2517,FL_2887,False,False,0
2518,FL_2888,False,False,0
2519,FL_2889,False,False,0
2520,FL_2890,False,False,0
2521,FL_2891,False,False,0
2522,FL_2892,True,True,0
2523,FL_2893,True,False,0
2524,FL_2894,False,False,0
2525,FL_2895,False,False,0
2526,FL_2896,False,False,0
2527,FL_2898,False,False,0
2528,FL_2899,True,False,0
2529,FL_2901,False,False,0
2530,FL_2902,False,False,0
2531,FL_2904,False,False,0
2532,FL_2905,False,True,0
2533,FL_2907,True,True,2
2534,FL_2908,False,False,0
2535,FL_2909,False,False,0
2536,FL_2910,False,False,0
2537,FL_2911,False,False,0
2538,FL_2913,False,False,0
2539,FL_2914,False,False,0
2540,FL_2915,True,True,0
2541,FL_2916,False,False,0
2542,FL_2917,False,False,0
2543,FL_2918,True,False,1
2544,FL_2919,False,False,1
2545,FL_2920,False,False,0
2546,FL_2921,False,False,0
2547,FL_2922,False,False,0
2548,FL_2923,True,True,0
2549,FL_2924,False,False,0
2550,FL_2925,False,False,0
2551,FL_2926,False,False,0
2552,FL_2927,False,False,0
2553,FL_2928,False,False,0
2554,FL_2929,True,True,4
2555,FL_2930,False,False,0
2556,FL_2932,False,False,0
2557,FL_2935,False,False,0
2558,FL_2936,False,False,0
2559,FL_2937,False,False,0
2560,FL_2938,True,True,1
2561,FL_2939,False,False,0
2562,FL_2940,False,False,0
2563,FL_2941,False,False,0
2564,FL_2942,False,False,0
2565,FL_2943,False,False,0
2566,FL_2944,False,False,0
2567,FL_2945,True,False,0
2568,FL_2946,False,False,0
2569,FL_2947,False,False,0
2570,FL_2948,False,True,0
2571,FL_2949,False,False,0
2572,FL_2950,False,False,0
2573,FL_2951,True,True,0
2574,FL_2952,False,False,0
2575,FL_2953,False,True,0
2576,FL_2954,False,False,0
2577,FL_2955,False,False,0
2578,FL_2956,False,False,0
2579,FL_2957,True,True,0
2580,FL_2958,True,True,0
2581,FL_2959,False,False,0
2582,FL_2960,False,False,0
2583,FL_2961,True,False,0
2584,FL_2962,True,False,0
2585,FL_2963,False,True,2
2586,FL_2964,False,False,0
2587,FL_2965,True,False,0
2588,FL_2966,True,True,0
2589,FL_2967,True,True,0
2590,FL_2968,True,False,0
2591,FL_2969,False,False,0
2592,FL_2970,False,False,0
2593,FL_2971,True,False,0
2594,FL_2972,False,False,0
2595,FL_2973,False,False,0
2596,FL_2974,True,True,0
2597,FL_2975,False,False,0
2598,FL_2976,False,False,0
2599,FL_2977,False,False,0
2600,FL_2978,False,False,0
2601,FL_2979,False,False,0
2602,FL_2980,False,False,0
2603,FL_2982,True,True,1
2604,FL_2983,True,True,0
2605,FL_2984,True,False,0
2606,FL_2985,True,True,3
2607,FL_2986,False,False,0
2608,FL_2987,True,False,0
2609,FL_2988,True,True,3
2610,FL_2989,False,False,0
2611,FL_2990,True,True,0
2612,FL_2991,True,True,2
2613,FL_2992,False,False,0
2614,FL_2993,False,False,0
2615,FL_2994,False,False,1
2616,FL_2995,False,False,0
2617,FL_2996,False,True,0
2618,FL_2997,False,False,0
2619,FL_2998,False,False,0
2620,FL_2999,True,False,0
2621,FL_3000,False,False,0
2622,FL_3001,False,False,0
2623,FL_3002,False,False,0
2624,FL_3003,True,False,0
2625,FL_3005,False,False,0
2626,FL_3006,False,False,0
2627,FL_3007,False,False,1
2628,FL_3008,False,False,0
2629,FL_3009,False,False,0
2630,FL_3010,False,False,0
2631,FL_3011,False,True,0
2632,FL_3012,False,False,0
2633,FL_3013,False,False,0
2634,FL_3014,False,True,0
2635,FL_3016,False,False,0
2636,FL_3017,False,False,0
2637,FL_3018,False,False,0
2638,FL_3019,False,False,0
2639,FL_3020,False,False,0
2640,FL_3021,False,False,0
2641,FL_3022,False,False,0
2642,FL_3023,False,True,0
2643,FL_3025,True,True,0
2644,FL_3026,False,False,0
2645,FL_3027,False,False,0
2646,FL_3028,False,False,0
2647,FL_3029,False,False,0
2648,FL_3030,False,False,0
2649,FL_3031,True,False,0
2650,FL_3032,False,False,0
2651,FL_3034,False,False,0
2652,FL_3035,False,False,0
2653,FL_3036,True,True,3
2654,FL_3037,False,False,0
2655,FL_3038,False,False,0
2656,FL_3039,False,False,0
2657,FL_3040,False,False,0
2658,FL_3041,True,True,1
2659,FL_3042,False,False,0
2660,FL_3043,True,False,0
2661,FL_3044,False,False,0
2662,FL_3045,False,False,0
2663,FL_3046,True,False,0
2664,FL_3048,False,False,0
2665,FL_3049,False,False,0
2666,FL_3053,True,True,0
2667,FL_3055,False,False,0
2668,FL_3056,False,False,0
2669,FL_3057,False,False,0
2670,FL_3059,False,False,0
2671,FL_3060,False,False,0
2672,FL_3061,False,False,0
2673,FL_3062,False,False,0
2674,FL_3063,True,False,0
2675,FL_3064,False,False,0
2676,FL_3066,True,False,0
2677,FL_3067,False,False,0
2678,FL_3069,False,False,0
2679,FL_3070,True,False,0
2680,FL_3071,False,False,0
2681,FL_3072,False,False,0
2682,FL_3074,False,False,0
2683,FL_3075,False,False,0
2684,FL_3076,False,False,0
2685,FL_3077,False,False,0
2686,FL_3078,False,False,0
2687,FL_3079,True,False,0
2688,FL_3080,False,False,1
2689,FL_3081,False,False,0
2690,FL_3083,False,False,0
2691,FL_3085,False,False,0
2692,FL_3086,False,False,0
2693,FL_3087,False,False,0
2694,FL_3088,False,False,0
2695,FL_3089,False,False,0
2696,FL_3090,False,False,0
2697,FL_3091,False,False,0
2698,FL_3092,False,False,0
2699,FL_3094,False,False,0
2700,FL_3095,False,False,0
2701,FL_3096,False,False,0
2702,FL_3097,False,True,0
2703,FL_3098,False,False,0
2704,FL_3099,False,False,1
2705,FL_3100,False,False,0
2706,FL_3101,False,False,1
2707,FL_3102,False,False,0
2708,FL_3103,False,False,0
2709,FL_3104,False,False,0
2710,FL_3105,True,True,7
2711,FL_3106,True,True,0
2712,FL_3107,True,False,0
2713,FL_3108,True,False,0
2714,FL_3109,True,False,0
2715,FL_3111,False,False,0
2716,FL_3112,False,False,0
2717,FL_3113,False,False,0
2718,FL_3114,False,False,0
2719,FL_3115,False,False,0
2720,FL_3116,False,False,0
2721,FL_3117,True,False,0
2722,FL_3118,False,False,0
2723,FL_3119,True,False,0
2724,FL_3120,True,False,0
2725,FL_3121,False,False,1
2726,FL_3122,False,False,1
2727,FL_3123,True,False,0
2728,FL_3124,True,True,5
2729,FL_3125,True,True,1
2730,FL_3126,False,False,0
2731,FL_3127,True,True,1
2732,FL_3128,False,True,0
2733,FL_3129,False,False,0
2734,FL_3130,False,False,0
2735,FL_3131,True,False,0
2736,FL_3132,True,False,0
2737,FL_3133,False,False,1
2738,FL_3134,True,True,4
2739,FL_3135,True,True,2
2740,FL_3136,False,False,0
2741,FL_3137,False,True,0
2742,FL_3138,False,False,0
2743,FL_3139,False,False,0
2744,FL_3140,False,False,0
2745,FL_3141,True,True,0
2746,FL_3142,False,False,0
2747,FL_3143,False,False,0
2748,FL_3144,True,False,0
2749,FL_3145,False,False,0
2750,FL_3146,True,True,10
2751,FL_3147,False,True,0
2752,FL_3148,False,False,0
2753,FL_3149,False,False,0
2754,FL_3150,False,False,0
2755,FL_3151,False,False,0
2756,FL_3152,False,False,0
2757,FL_3153,True,True,0
2758,FL_3154,False,False,0
2759,FL_3155,False,False,0
2760,FL_3156,False,False,0
2761,FL_3157,False,False,0
2762,FL_3159,False,False,0
2763,FL_3160,True,True,3
2764,FL_3162,False,False,1
2765,FL_3163,False,False,0
2766,FL_3164,False,False,1
2767,FL_3165,False,False,0
2768,FL_3166,True,False,0
2769,FL_3168,False,False,0
2770,FL_3169,False,False,0
2771,FL_3170,True,True,0
2772,FL_3171,False,False,0
2773,FL_3172,False,False,0
2774,FL_3173,True,True,0
2775,FL_3174,True,False,2
2776,FL_3175,True,True,2
2777,FL_3176,False,False,0
2778,FL_3177,True,True,0
2779,FL_3179,True,False,0
2780,FL_3180,False,False,0
2781,FL_3181,False,False,0
2782,FL_3182,False,False,0
2783,FL_3183,False,False,0
2784,FL_3184,True,True,2
2785,FL_3185,False,False,0
2786,FL_3186,False,False,0
2787,FL_3187,False,False,0
2788,FL_3189,False,False,0
2789,FL_3190,False,False,0
2790,FL_3191,True,True,0
2791,FL_3193,True,False,0
2792,FL_3194,False,False,0
2793,FL_3195,True,False,0
2794,FL_3196,True,False,0
2795,FL_3198,False,False,0
2796,FL_3199,True,True,1
2797,FL_3202,False,False,0
2798,FL_3203,False,False,0
2799,FL_3204,False,False,0
2800,FL_3205,True,False,0
2801,FL_3206,True,True,1
2802,FL_3207,False,False,0
2803,FL_3209,False,False,0
2804,FL_3210,True,True,0
2805,FL_3211,False,False,0
2806,FL_3212,False,False,0
2807,FL_3213,False,False,0
2808,FL_3216,False,False,0
2809,FL_3218,False,False,0
2810,FL_3219,False,False,0
2811,FL_3220,False,False,0
2812,FL_3221,False,False,0
2813,FL_3222,True,False,0
2814,FL_3223,False,False,0
2815,FL_3224,False,False,0
2816,FL_3225,False,False,0
2817,FL_3226,True,True,0
2818,FL_3227,True,False,0
2819,FL_3228,True,True,0
2820,FL_3229,True,False,0
2821,FL_3230,True,True,4
2822,FL_3231,False,False,0
2823,FL_3232,False,False,0
2824,FL_3233,False,True,0
2825,FL_3234,False,False,0
2826,FL_3236,True,False,0
2827,FL_3237,False,False,0
2828,FL_3238,True,True,2
2829,FL_3239,True,False,0
2830,FL_3240,False,False,0
2831,FL_3241,True,False,0
2832,FL_3242,True,False,0
2833,FL_3243,False,False,0
2834,FL_3244,False,False,0
2835,FL_3245,False,False,0
2836,FL_3246,True,False,0
2837,FL_3247,False,False,0
2838,FL_3248,False,False,0
2839,FL_3249,True,True,0
2840,FL_3250,False,False,0
2841,FL_3251,False,False,0
2842,FL_3252,False,False,0
2843,FL_3253,False,False,0
2844,FL_3254,False,False,0
2845,FL_3255,False,False,0
2846,FL_3256,False,False,0
2847,FL_3257,False,False,0
2848,FL_3258,True,False,1
2849,FL_3259,False,False,0
2850,FL_3260,True,False,0
2851,FL_3261,False,False,0
2852,FL_3262,True,False,0
2853,FL_3263,False,False,0
2854,FL_3264,False,False,0
2855,FL_3265,True,True,0
2856,FL_3266,False,False,0
2857,FL_3267,False,False,0
2858,FL_3268,False,False,0
2859,FL_3269,True,False,0
2860,FL_3270,False,False,0
2861,FL_3271,False,False,0
2862,FL_3272,False,False,0
2863,FL_3273,True,False,0
2864,FL_3274,False,False,0
2865,FL_3275,False,False,0
2866,FL_3276,False,True,0
2867,FL_3277,True,True,0
2868,FL_3278,True,False,0
2869,FL_3279,False,False,0
2870,FL_3280,False,False,0
2871,FL_3281,False,True,0
2872,FL_3282,False,False,0
2873,FL_3283,False,False,0
2874,FL_3284,False,False,0
2875,FL_3285,False,False,0
2876,FL_3287,False,False,0
2877,FL_3288,False,False,0
2878,FL_3289,False,False,0
2879,FL_3290,False,False,0
2880,FL_3292,True,True,0
2881,FL_3293,False,False,0
2882,FL_3294,True,False,0
2883,FL_3295,False,False,0
2884,FL_3296,True,True,4
2885,FL_3297,True,True,1
2886,FL_3298,False,False,0
2887,FL_3299,True,True,1
2888,FL_3300,False,False,0
2889,FL_3301,True,True,1
2890,FL_3302,True,False,0
2891,FL_3304,True,True,2
2892,FL_3305,True,False,0
2893,FL_3306,True,False,0
2894,FL_3307,True,True,1
2895,FL_3310,False,True,0
2896,FL_3311,False,False,0
2897,FL_3312,True,False,0
2898,FL_3313,False,False,0
2899,FL_3314,False,False,0
2900,FL_3315,False,False,0
2901,FL_3316,False,False,0
2902,FL_3318,False,False,0
2903,FL_3319,True,True,0
2904,FL_3320,False,False,0
2905,FL_3321,False,False,0
2906,FL_3322,False,False,0
2907,FL_3323,False,False,0
2908,FL_3324,False,False,0
2909,FL_3325,False,False,0
2910,FL_3327,False,False,0
2911,FL_3329,True,False,0
2912,FL_3330,False,False,0
2913,FL_3331,False,False,0
2914,FL_3332,True,True,2
2915,FL_3334,True,True,0
2916,FL_3335,False,False,0
2917,FL_3336,False,False,0
2918,FL_3338,True,False,0
2919,FL_3339,True,True,2
2920,FL_3340,False,False,0
2921,FL_3341,False,False,0
2922,FL_3342,False,False,0
2923,FL_3344,True,True,1
2924,FL_3345,True,True,1
2925,FL_3346,False,True,0
2926,FL_3347,False,False,0
2927,FL_3350,False,False,0
2928,FL_3352,True,True,1
2929,FL_3354,False,False,0
2930,FL_3355,False,False,0
2931,FL_3356,False,False,0
2932,FL_3358,False,False,0
2933,FL_3359,False,False,0
2934,FL_3360,False,False,0
2935,FL_3361,False,False,0
2936,FL_3362,False,False,0
2937,FL_3363,True,False,0
2938,FL_3364,False,False,0
2939,FL_3365,False,False,0
2940,FL_3366,False,False,0
2941,FL_3367,False,False,0
2942,FL_3368,False,True,0
2943,FL_3369,False,False,0
2944,FL_3370,False,False,0
2945,FL_3371,False,False,0
2946,FL_3372,False,False,0
2947,FL_3373,False,False,0
2948,FL_3374,False,False,0
2949,FL_3375,False,False,0
2950,FL_3376,False,False,0
2951,FL_3377,False,False,0
2952,FL_3378,False,False,0
2953,FL_3379,True,False,0
2954,FL_3380,False,False,1
2955,FL_3381,False,False,0
2956,FL_3382,False,False,0
2957,FL_3383,False,False,0
2958,FL_3384,False,False,0
2959,FL_3385,False,False,0
2960,FL_3388,False,False,0
2961,FL_3389,False,False,0
2962,FL_3390,False,False,0
2963,FL_3391,False,False,0
2964,FL_3392,False,False,0
2965,FL_3393,False,False,0
2966,FL_3394,False,False,0
2967,FL_3395,True,False,0
2968,FL_3396,True,False,0
2969,FL_3397,False,False,0
2970,FL_3398,False,False,0
2971,FL_3399,True,False,0
2972,FL_3400,False,False,0
2973,FL_3401,True,False,0
2974,FL_3402,False,False,0
2975,FL_3403,True,True,0
2976,FL_3404,False,False,0
2977,FL_3405,True,True,0
2978,FL_3406,True,False,0
2979,FL_3407,False,False,0
2980,FL_3409,False,False,0
2981,FL_3410,False,False,0
2982,FL_3411,False,False,0
2983,FL_3412,False,False,0
2984,FL_3413,True,False,0
2985,FL_3414,True,True,2
2986,FL_3415,True,False,0
2987,FL_3416,False,False,0
2988,FL_3417,True,False,0
2989,FL_3418,True,False,0
2990,FL_3419,False,False,0
2991,FL_3420,False,False,0
2992,FL_3421,False,False,0
2993,FL_3423,False,False,0
2994,FL_3425,False,False,0
2995,FL_3426,False,False,0
2996,FL_3427,False,False,0
2997,FL_3428,False,False,0
2998,FL_3429,False,False,0
2999,FL_3432,True,True,3
3000,FL_3433,False,True,0
3001,FL_3435,False,False,0
3002,FL_3436,False,False,0
3003,FL_3437,False,False,0
3004,FL_3438,False,False,0
3005,FL_3439,False,False,0
3006,FL_3440,False,False,0
3007,FL_3441,False,False,0
3008,FL_3442,False,True,2
3009,FL_3443,True,False,0
3010,FL_3444,True,False,0
3011,FL_3445,False,False,0
3012,FL_3446,False,False,0
3013,FL_3448,False,False,0
3014,FL_3449,False,False,0
3015,FL_3450,True,False,0
3016,FL_3451,True,False,0
3017,FL_3452,False,False,0
3018,FL_3453,False,False,0
3019,FL_3454,True,False,2
3020,FL_3456,False,False,0
3021,FL_3457,False,False,0
3022,FL_3458,False,False,0
3023,FL_3459,True,True,0
3024,FL_3460,False,False,0
3025,FL_3461,True,False,0
3026,FL_3462,False,False,0
3027,FL_3463,True,False,0
3028,FL_3464,True,True,0
3029,FL_3465,True,True,0
3030,FL_3466,False,False,0
3031,FL_3467,False,False,0
3032,FL_3469,False,True,0
3033,FL_3473,False,False,0
3034,FL_3474,True,False,0
3035,FL_3475,False,False,0
3036,FL_3476,True,True,1
3037,FL_3477,False,False,0
3038,FL_3478,False,False,0
3039,FL_3479,False,False,0
3040,FL_3480,True,True,1
3041,FL_3481,False,False,0
3042,FL_3483,False,False,0
3043,FL_3484,True,False,0
3044,FL_3485,False,False,0
3045,FL_3486,False,False,0
3046,FL_3488,False,False,0
3047,FL_3489,True,False,0
3048,FL_3490,False,False,0
3049,FL_3491,True,False,0
3050,FL_3492,False,False,0
3051,FL_3493,False,False,3
3052,FL_3494,False,False,0
3053,FL_3495,False,False,0
3054,FL_3496,False,False,0
3055,FL_3497,False,False,0
3056,FL_3498,False,False,0
3057,FL_3499,False,False,0
3058,FL_3500,False,False,0
3059,FL_3501,False,False,0
3060,FL_3503,False,False,0
3061,FL_3504,True,True,0
3062,FL_3505,False,False,0
3063,FL_3506,True,False,0
3064,FL_3507,True,False,0
3065,FL_3508,False,False,0
3066,FL_3509,False,False,0
3067,FL_3510,False,False,0
3068,FL_3512,False,True,1
3069,FL_3513,True,False,0
3070,FL_3514,True,False,0
3071,FL_3515,False,False,0
3072,FL_3516,False,False,0
3073,FL_3517,False,False,0
3074,FL_3518,False,False,0
3075,FL_3519,False,False,0
3076,FL_3520,False,True,0
3077,FL_3521,False,False,2
3078,FL_3522,False,False,0
3079,FL_3523,False,False,0
3080,FL_3524,False,False,0
3081,FL_3525,False,False,0
3082,FL_3526,False,False,0
3083,FL_3527,False,False,0
3084,FL_3528,False,False,0
3085,FL_3530,False,False,0
3086,FL_3531,False,False,0
3087,FL_3532,True,False,0
3088,FL_3533,False,False,0
3089,FL_3534,True,False,0
3090,FL_3535,False,False,0
3091,FL_3536,True,False,2
3092,FL_3537,False,False,0
3093,FL_3538,False,False,0
3094,FL_3539,True,False,0
3095,FL_3540,True,True,0
3096,FL_3541,False,False,0
3097,FL_3542,False,False,0
3098,FL_3543,False,False,0
3099,FL_3544,True,True,2
3100,FL_3545,False,False,0
3101,FL_3546,False,False,0
3102,FL_3547,False,False,0
3103,FL_3548,False,False,0
3104,FL_3550,True,False,0
3105,FL_3551,False,False,0
3106,FL_3552,False,False,0
3107,FL_3553,False,False,0
3108,FL_3554,True,True,3
3109,FL_3556,False,False,0
3110,FL_3557,False,False,0
3111,FL_3558,False,False,0
3112,FL_3559,False,False,0
3113,FL_3560,False,False,0
3114,FL_3562,False,False,0
3115,FL_3563,False,False,0
3116,FL_3564,False,False,0
3117,FL_3565,False,False,0
3118,FL_3566,False,False,0
3119,FL_3567,False,False,0
3120,FL_3568,False,False,0
3121,FL_3569,False,False,0
3122,FL_3570,True,False,0
3123,FL_3571,False,False,0
3124,FL_3572,True,True,0
3125,FL_3573,False,False,0
3126,FL_3574,False,False,0
3127,FL_3575,True,False,0
3128,FL_3576,False,False,0
3129,FL_3578,False,False,0
3130,FL_3579,False,False,0
3131,FL_3580,False,False,0
3132,FL_3582,False,False,0
3133,FL_3583,False,False,0
3134,FL_3585,True,False,0
3135,FL_3587,False,False,0
3136,FL_3588,False,False,0
3137,FL_3589,True,True,0
3138,FL_3590,True,False,0
3139,FL_3591,False,False,0
3140,FL_3593,True,True,0
3141,FL_3594,False,False,1
3142,FL_3596,False,False,0
3143,FL_3597,False,False,0
3144,FL_3598,True,True,0
3145,FL_3599,False,False,0
3146,FL_3600,False,False,0
3147,FL_3601,False,False,0
3148,FL_3602,False,False,0
3149,FL_3603,False,False,0
3150,FL_3604,True,True,0
3151,FL_3605,False,False,0
3152,FL_3606,False,False,0
3153,FL_3607,False,False,0
3154,FL_3608,False,False,0
3155,FL_3609,False,False,1
3156,FL_3610,False,False,0
3157,FL_3611,False,False,0
3158,FL_3612,False,False,0
3159,FL_3614,False,False,0
3160,FL_3616,False,False,0
3161,FL_3618,False,False,0
3162,FL_3619,False,False,0
3163,FL_3621,True,True,2
3164,FL_3622,True,False,0
3165,FL_3623,False,False,0
3166,FL_3624,False,False,0
3167,FL_3625,True,False,0
3168,FL_3626,False,False,0
3169,FL_3627,True,False,1
3170,FL_3629,False,False,0
3171,FL_3630,False,False,0
3172,FL_3631,False,False,0
3173,FL_3632,False,False,0
3174,FL_3633,True,True,0
3175,FL_3634,False,False,0
3176,FL_3635,False,False,0
3177,FL_3636,False,False,0
3178,FL_3637,False,False,0
3179,FL_3638,False,False,0
3180,FL_3639,False,False,0
3181,FL_3640,False,False,0
3182,FL_3641,False,False,0
3183,FL_3642,False,False,0
3184,FL_3643,False,False,0
3185,FL_3644,False,False,0
3186,FL_3646,True,False,0
3187,FL_3647,True,False,0
3188,FL_3648,False,False,0
3189,FL_3649,False,False,0
3190,FL_3650,False,False,0
3191,FL_3651,True,True,0
3192,FL_3652,False,False,0
3193,FL_3653,False,False,0
3194,FL_3654,True,True,0
3195,FL_3655,False,False,0
3196,FL_3656,False,False,0
3197,FL_3657,True,True,1
3198,FL_3658,False,False,0
3199,FL_3659,False,False,0
3200,FL_3660,True,False,0
3201,FL_3661,False,False,0
3202,FL_3662,False,False,0
3203,FL_3663,False,False,0
3204,FL_3664,False,False,0
3205,FL_3665,False,False,0
3206,FL_3666,False,False,0
3207,FL_3667,True,False,0
3208,FL_3668,False,False,0
3209,FL_3669,False,False,0
3210,FL_3670,False,False,0
3211,FL_3671,False,False,0
3212,FL_3672,False,False,0
3213,FL_3673,False,False,0
3214,FL_3674,True,False,0
3215,FL_3675,False,True,0
3216,FL_3676,False,False,0
3217,FL_3677,False,False,0
3218,FL_3678,False,False,0
3219,FL_3679,False,False,0
3220,FL_3680,False,False,0
3221,FL_3681,True,True,1
3222,FL_3682,False,False,0
3223,FL_3683,False,False,0
3224,FL_3684,False,False,0
3225,FL_3685,False,False,0
3226,FL_3687,False,False,0
3227,FL_3688,False,False,0
3228,FL_3690,False,False,0
3229,FL_3691,True,True,0
3230,FL_3692,False,False,0
3231,FL_3693,False,False,0
3232,FL_3694,False,False,0
3233,FL_3695,True,False,0
3234,FL_3696,True,False,0
3235,FL_3697,False,False,0
3236,FL_3698,True,False,0
3237,FL_3699,False,False,0
3238,FL_3700,False,False,0
3239,FL_3702,False,False,0
3240,FL_3703,False,False,0
3241,FL_3704,False,False,0
3242,FL_3705,True,False,0
3243,FL_3706,False,False,0
3244,FL_3707,False,False,0
3245,FL_3708,False,False,0
3246,FL_3709,False,False,0
3247,FL_3710,False,False,0
3248,FL_3711,False,False,0
3249,FL_3712,False,False,0
3250,FL_3713,False,False,0
3251,FL_3715,True,True,1
3252,FL_3718,False,False,0
3253,FL_3719,False,False,0
3254,FL_3720,False,False,0
3255,FL_3721,False,False,0
3256,FL_3722,False,False,0
3257,FL_3723,False,False,0
3258,FL_3724,False,False,0
3259,FL_3725,False,False,0
3260,FL_3726,False,False,0
3261,FL_3727,False,False,0
3262,FL_3728,False,False,9
3263,FL_3729,False,False,0
3264,FL_3730,True,False,0
3265,FL_3731,False,False,0
3266,FL_3732,True,True,0
3267,FL_3733,True,True,2
3268,FL_3734,False,False,0
3269,FL_3736,False,False,0
3270,FL_3737,False,False,0
3271,FL_3738,False,False,0
3272,FL_3739,False,False,0
3273,FL_3741,False,False,0
3274,FL_3742,False,False,0
3275,FL_3745,False,False,0
3276,FL_3746,False,False,0
3277,FL_3747,False,False,0
3278,FL_3749,False,False,0
3279,FL_3750,False,False,0
3280,FL_3751,False,False,0
3281,FL_3752,False,False,0
3282,FL_3753,False,False,0
3283,FL_3754,False,False,0
3284,FL_3756,False,False,0
3285,FL_3757,False,False,0
3286,FL_3760,True,False,0
3287,FL_3762,True,True,1
3288,FL_3763,False,False,0
3289,FL_3764,False,False,0
3290,FL_3765,False,False,0
3291,FL_3766,True,True,0
3292,FL_3767,False,False,0
3293,FL_3769,False,False,0
3294,FL_3770,True,False,0
3295,FL_3771,False,False,0
3296,FL_3776,False,False,0
3297,FL_3777,True,True,2
3298,FL_3778,False,False,0
3299,FL_3779,True,False,0
3300,FL_3780,True,False,0
3301,FL_3781,True,False,0
3302,FL_3782,False,False,0
3303,FL_3783,False,False,0
3304,FL_3784,False,True,0
3305,FL_3785,True,True,0
3306,FL_3786,False,False,0
3307,FL_3787,True,False,0
3308,FL_3789,False,False,0
3309,FL_3790,False,False,0
3310,FL_3791,True,False,0
3311,FL_3792,False,False,0
3312,FL_3794,True,True,1
3313,FL_3796,False,False,0
3314,FL_3797,True,True,0
3315,FL_3798,False,False,0
3316,FL_3799,False,False,0
3317,FL_3800,False,False,0
3318,FL_3801,False,False,0
3319,FL_3802,False,False,0
3320,FL_3803,False,False,0
3321,FL_3804,False,False,0
3322,FL_3805,False,False,0
3323,FL_3806,True,True,0
3324,FL_3807,False,False,0
3325,FL_3808,False,False,0
3326,FL_3809,False,False,0
3327,FL_3810,False,False,0
3328,FL_3811,True,True,3
3329,FL_3812,False,False,0
3330,FL_3813,False,False,0
3331,FL_3814,False,False,0
3332,FL_3815,True,True,1
3333,FL_3816,True,True,0
3334,FL_3817,False,False,0
3335,FL_3818,True,False,0
3336,FL_3819,True,False,1
3337,FL_3821,False,False,0
3338,FL_3822,False,False,0
3339,FL_3824,False,False,0
3340,FL_3825,False,False,0
3341,FL_3826,False,False,0
3342,FL_3827,False,False,0
3343,FL_3828,False,False,0
3344,FL_3829,False,False,0
3345,FL_3830,False,False,0
3346,FL_3831,True,True,0
3347,FL_3833,True,True,0
3348,FL_3834,True,False,0
3349,FL_3835,False,False,0
3350,FL_3836,True,False,0
3351,FL_3837,True,False,0
3352,FL_3838,False,False,0
3353,FL_3839,False,True,0
3354,FL_3840,False,False,0
3355,FL_3841,False,False,0
3356,FL_3842,False,False,0
3357,FL_3843,False,False,0
3358,FL_3844,True,False,0
3359,FL_3845,True,False,0
3360,FL_3846,False,False,0
3361,FL_3847,False,False,0
3362,FL_3848,True,True,0
3363,FL_3849,True,False,0
3364,FL_3850,False,False,0
3365,FL_3851,False,False,0
3366,FL_3852,False,False,0
3367,FL_3853,True,True,0
3368,FL_3854,True,True,1
3369,FL_3855,False,False,0
3370,FL_3856,False,False,0
3371,FL_3857,False,True,0
3372,FL_3858,False,False,0
3373,FL_3859,False,False,0
3374,FL_3860,False,False,0
3375,FL_3862,True,False,1
3376,FL_3863,False,False,0
3377,FL_3864,False,False,0
3378,FL_3865,False,False,0
3379,FL_3866,False,False,0
3380,FL_3867,False,False,1
3381,FL_3868,False,False,0
3382,FL_3869,False,False,0
3383,FL_3870,False,False,0
3384,FL_3873,False,False,0
3385,FL_3874,False,False,0
3386,FL_3875,False,False,0
3387,FL_3876,False,False,0
3388,FL_3877,False,False,0
3389,FL_3878,False,False,1
3390,FL_3879,False,False,0
3391,FL_3882,False,False,0
3392,FL_3883,True,False,0
3393,FL_3884,True,False,0
3394,FL_3885,True,True,0
3395,FL_3886,True,False,0
3396,FL_3887,True,True,0
3397,FL_3889,True,False,0
3398,FL_3890,True,False,0
3399,FL_3891,False,False,0
3400,FL_3892,False,False,0
3401,FL_3893,True,False,0
3402,FL_3896,False,False,0
3403,FL_3897,False,False,0
3404,FL_3898,True,True,3
3405,FL_3901,False,False,0
3406,FL_3902,False,False,1
3407,FL_3903,False,True,2
3408,FL_3904,False,False,0
3409,FL_3905,False,False,0
3410,FL_3906,False,False,0
3411,FL_3907,True,False,1
3412,FL_3908,False,False,0
3413,FL_3909,False,False,0
3414,FL_3910,True,False,0
3415,FL_3911,False,False,0
3416,FL_3912,True,True,0
3417,FL_3914,False,False,0
3418,FL_3915,True,True,1
3419,FL_3917,False,True,0
3420,FL_3918,False,False,0
3421,FL_3919,False,False,0
3422,FL_3920,False,False,0
3423,FL_3921,True,False,0
3424,FL_3922,False,True,0
3425,FL_3924,False,False,0
3426,FL_3925,False,False,0
3427,FL_3927,False,False,0
3428,FL_3929,False,False,0
3429,FL_3930,False,False,0
3430,FL_3931,True,False,1
3431,FL_3932,False,False,0
3432,FL_3933,True,False,0
3433,FL_3934,True,False,0
3434,FL_3935,False,False,0
3435,FL_3937,False,False,0
3436,FL_3938,False,False,1
3437,FL_3939,False,False,0
3438,FL_3940,False,False,0
3439,FL_3941,False,False,0
3440,FL_3942,False,False,0
3441,FL_3943,False,False,0
3442,FL_3944,False,False,0
3443,FL_3945,True,True,0
3444,FL_3946,False,False,0
3445,FL_3947,False,False,0
3446,FL_3949,False,False,0
3447,FL_3950,False,False,0
3448,FL_3951,True,False,0
3449,FL_3952,False,False,0
3450,FL_3953,False,False,0
3451,FL_3954,False,False,0
3452,FL_3955,True,True,2
3453,FL_3956,False,False,0
3454,FL_3957,True,False,0
3455,FL_3958,False,False,0
3456,FL_3959,True,True,0
3457,FL_3960,False,False,0
3458,FL_3961,False,False,0
3459,FL_3962,False,False,0
3460,FL_3963,False,False,0
3461,FL_3964,True,False,0
3462,FL_3965,False,False,0
3463,FL_3966,False,False,0
3464,FL_3967,True,False,0
3465,FL_3968,False,False,0
3466,FL_3970,False,False,0
3467,FL_3971,False,False,0
3468,FL_3972,False,False,0
3469,FL_3973,False,False,0
3470,FL_3974,False,False,0
3471,FL_3975,False,False,0
3472,FL_3976,False,False,0
3473,FL_3977,False,False,0
3474,FL_3978,False,False,0
3475,FL_3979,False,False,0
3476,FL_3980,False,False,0
3477,FL_3981,False,False,0
3478,FL_3982,False,False,0
3479,FL_3983,False,False,0
3480,FL_3984,False,False,0
3481,FL_3985,False,False,0
3482,FL_3986,False,False,0
3483,FL_3987,False,False,0
3484,FL_3988,False,False,0
3485,FL_3989,False,False,0
3486,FL_3990,False,False,0
3487,FL_3991,False,False,0
3488,FL_3992,False,False,0
3489,FL_3993,False,False,0
3490,FL_3994,True,True,0
3491,FL_3996,False,False,0
3492,FL_3997,False,False,0
3493,FL_3998,False,False,0
3494,FL_3999,False,False,0
3495,FL_4001,False,False,0
3496,FL_4002,False,False,0
3497,FL_4003,False,False,0
3498,FL_4004,False,False,0
3499,FL_4005,False,False,0
3500,FL_4006,False,False,0
3501,FL_4007,False,False,2
3502,FL_4008,False,False,0
3503,FL_4010,False,False,0
3504,FL_4011,False,False,0
3505,FL_4012,False,False,0
3506,FL_4013,True,False,0
3507,FL_4014,False,False,0
3508,FL_4015,False,False,0
3509,FL_4016,False,False,0
3510,FL_4017,False,False,0
3511,FL_4018,False,False,0
3512,FL_4019,False,False,0
3513,FL_4020,False,False,1
3514,FL_4021,False,False,0
3515,FL_4022,False,False,0
3516,FL_4023,False,False,0
3517,FL_4025,True,True,1
3518,FL_4026,False,False,0
3519,FL_4027,True,True,0
3520,FL_4028,True,True,0
3521,FL_4029,False,False,0
3522,FL_4030,False,False,0
3523,FL_4031,True,True,0
3524,FL_4032,True,False,1
3525,FL_4033,False,False,0
3526,FL_4034,True,True,1
3527,FL_4038,True,False,0
3528,FL_4039,False,False,0
3529,FL_4040,False,False,0
3530,FL_4041,False,False,0
3531,FL_4042,False,False,0
3532,FL_4043,False,False,0
3533,FL_4044,True,True,0
3534,FL_4045,True,True,1
3535,FL_4046,True,True,0
3536,FL_4047,False,False,0
3537,FL_4048,False,False,0
3538,FL_4050,False,False,0
3539,FL_4051,True,True,0
3540,FL_4053,True,True,4
3541,FL_4054,False,False,0
3542,FL_4055,False,False,0
3543,FL_4059,False,False,0
3544,FL_4060,False,False,0
3545,FL_4061,False,False,0
3546,FL_4063,True,False,0
3547,FL_4064,False,False,0
3548,FL_4065,False,False,0
3549,FL_4068,False,False,0
3550,FL_4071,False,True,1
3551,FL_4072,False,False,0
3552,FL_4073,True,True,1
3553,FL_4074,False,False,0
3554,FL_4076,False,False,0
3555,FL_4078,True,True,0
3556,FL_4079,True,False,0
3557,FL_4080,False,False,0
3558,FL_4081,True,True,0
3559,FL_4082,False,False,0
3560,FL_4083,False,False,0
3561,FL_4084,True,True,0
3562,FL_4085,True,True,1
3563,FL_4086,False,False,0
3564,FL_4087,True,False,0
3565,FL_4088,False,False,0
3566,FL_4089,True,False,0
3567,FL_4090,False,False,0
3568,FL_4091,True,True,0
3569,FL_4092,False,False,0
3570,FL_4093,False,False,0
3571,FL_4094,True,False,0
3572,FL_4095,False,False,0
3573,FL_4096,False,False,0
3574,FL_4097,False,False,0
3575,FL_4098,True,True,0
3576,FL_4099,True,False,0
3577,FL_4100,False,False,0
3578,FL_4101,False,False,0
3579,FL_4102,False,False,0
3580,FL_4103,False,False,0
3581,FL_4104,False,False,0
3582,FL_4105,False,False,0
3583,FL_4106,False,False,0
3584,FL_4107,True,True,0
3585,FL_4108,True,False,0
3586,FL_4109,True,False,0
3587,FL_4110,True,False,0
3588,FL_4111,True,False,0
3589,FL_4112,False,False,0
3590,FL_4113,True,False,0
3591,FL_4114,False,False,0
3592,FL_4115,False,False,0
3593,FL_4116,False,False,0
3594,FL_4117,True,True,0
3595,FL_4119,True,True,1
3596,FL_4120,True,False,0
3597,FL_4121,True,False,0
3598,FL_4122,False,False,0
3599,FL_4123,False,False,0
3600,FL_4124,False,False,0
3601,FL_4125,False,False,0
3602,FL_4126,False,False,0
3603,FL_4127,False,False,0
3604,FL_4128,True,False,0
3605,FL_4129,False,False,0
3606,FL_4131,True,False,0
3607,FL_4132,True,False,0
3608,FL_4133,False,True,0
3609,FL_4134,True,False,0
3610,FL_4135,False,False,1
3611,FL_4136,True,False,0
3612,FL_4138,False,False,0
3613,FL_4139,False,False,0
3614,FL_4140,True,True,3
3615,FL_4141,False,False,0
3616,FL_4142,False,False,0
3617,FL_4143,False,False,0
3618,FL_4144,False,False,0
3619,FL_4145,False,False,0
3620,FL_4146,False,False,0
3621,FL_4148,False,False,0
3622,FL_4149,False,False,0
3623,FL_4150,False,False,0
3624,FL_4151,False,False,0
3625,FL_4152,False,False,0
3626,FL_4153,False,False,0
3627,FL_4154,False,False,0
3628,FL_4155,False,False,0
3629,FL_4156,False,False,0
3630,FL_4157,False,False,0
3631,FL_4159,True,True,0
3632,FL_4160,True,True,0
3633,FL_4161,False,False,0
3634,FL_4162,False,False,0
3635,FL_4164,False,False,0
3636,FL_4166,False,False,0
3637,FL_4167,False,False,0
3638,FL_4168,False,False,0
3639,FL_4169,True,False,0
3640,FL_4170,True,False,0
3641,FL_4171,False,False,0
3642,FL_4172,True,False,0
3643,FL_4174,False,False,0
3644,FL_4175,False,False,0
3645,FL_4176,False,True,0
3646,FL_4177,False,False,0
3647,FL_4178,False,False,0
3648,FL_4179,False,False,0
3649,FL_4181,False,False,0
3650,FL_4182,False,False,0
3651,FL_4183,False,False,0
3652,FL_4184,False,True,0
3653,FL_4186,False,False,0
3654,FL_4187,False,False,0
3655,FL_4188,False,False,0
3656,FL_4189,False,False,0
3657,FL_4190,False,False,0
3658,FL_4191,False,False,0
3659,FL_4192,True,False,0
3660,FL_4193,False,False,0
3661,FL_4194,True,False,0
3662,FL_4195,False,False,0
3663,FL_4196,False,False,0
3664,FL_4197,True,False,0
3665,FL_4198,False,False,1
3666,FL_4199,False,False,0
3667,FL_4200,True,True,0
3668,FL_4201,False,False,0
3669,FL_4202,True,True,1
3670,FL_4203,False,False,0
3671,FL_4204,True,True,0
3672,FL_4205,False,False,0
3673,FL_4206,False,False,0
3674,FL_4207,False,False,0
3675,FL_4208,True,True,0
3676,FL_4209,False,False,0
3677,FL_4210,True,False,0
3678,FL_4211,False,False,0
3679,FL_4212,False,False,0
3680,FL_4213,True,False,0
3681,FL_4214,False,False,0
3682,FL_4216,False,False,0
3683,FL_4217,True,False,0
3684,FL_4219,False,False,0
3685,FL_4221,False,False,0
3686,FL_4222,False,False,0
3687,FL_4223,False,False,0
3688,FL_4225,False,False,0
3689,FL_4227,False,False,0
3690,FL_4228,False,False,0
3691,FL_4229,False,False,0
3692,FL_4231,True,False,0
3693,FL_4232,True,False,0
3694,FL_4233,False,False,0
3695,FL_4234,False,False,0
3696,FL_4235,False,True,0
3697,FL_4236,True,False,0
3698,FL_4237,False,False,0
3699,FL_4238,False,False,0
3700,FL_4239,False,False,0
3701,FL_4240,False,False,0
3702,FL_4241,False,False,0
3703,FL_4242,True,False,0
3704,FL_4243,True,False,0
3705,FL_4244,False,False,0
3706,FL_4245,False,False,0
3707,FL_4246,True,False,0
3708,FL_4250,False,False,0
3709,FL_4252,True,False,0
3710,FL_4253,False,False,0
